Blog	account	some	please	talk	or	morning	simple	d	play	out	american	could	how	move	feel	question	special	data	whether	view	saw	fact	th	person	most	house	blog	needed	couple	also	email	small	came	service	stories	started	made	follow	did	store	great	else	success	myself	twitter	money	spent	buy	both	just	work	first	travel	going	use	us	be	words	later	by	up	close	city	add	makes	information	often	side	idea	their	facebook	case	tv	key	news	press	space	talking	found	shows	reading	game	app	happening	screen	different	any	even	story	might	his	co	against	seems	something	far	won	ideas	these	him	decided	an	who	why	off	coming	has	got	stop	me	community	needs	interesting	during	people	re	tools	digital	said	short	can	event	finally	clear	doing	especially	google	including	support	companies	anyone	didn	never	least	really	working	down	smart	come	next	photo	another	times	anything	c	latest	friend	america	love	very	change	had	new	those	doesn	top	ago	after	into	when	recently	my	man	now	say	ask	thing	past	perhaps	pay	kind	give	then	attention	friends	using	site	via	night	learn	all	project	worth	away	things	st	job	which	here	open	continue	maybe	page	gets	set	piece	let	point	following	if	problem	too	will	instagram	power	making	were	white	ve	enough	don	matter	design	end	there	check	internet	before	see	level	than	build	giving	once	such	instead	start	report	know	create	would	best	several	good	company	york	place	find	live	system	list	should	same	around	users	many	harvey	m	left	take	thanks	time	being	everyone	probably	through	she	better	real	pretty	month	right	few	went	while	days	aren	been	no	four	way	cool	hard	only	he	recent	show	may	tell	book	last	still	video	own	nothing	looking	means	not	easy	so	day	our	apple	full	already	read	million	big	important	put	nbsp	favorite	business	her	president	course	government	post	year	head	free	friday	week	youtube	number	months	watch	without	your	music	get	am	given	three	trying	back	high	likely	according	each	well	help	make	turn	content	home	others	become	world	hurricane	u	between	share	actually	does	writing	takes	they	security	over	face	what	other	look	results	took	but	much	thought	since	them	hours	today	wrong	because	sure	weeks	keep	getting	two	phone	done	search	lot	personal	always	state	where	wrote	isn	says	part	early	trump	told	bad	true	along	old	do	online	ways	saying	appeared	every	called	understand	ever	its	haven	comes	little	team	example	go	long	houston	college	second	though	need	learning	name	run	ll	bit	like	want	media	com	hope	think	b	happened	social	update	life	weekend	web	texas	years	again	future	used	amazon	stuff	everything
The Official Google Blog	0	15	2	3	43	0	1	2	18	23	5	1	43	1	1	2	2	22	5	9	1	3	0	2	17	2	0	2	0	18	0	1	2	10	3	3	8	1	3	4	5	0	1	1	1	5	0	0	5	17	24	7	8	7	17	20	37	3	5	42	14	2	2	2	4	16	6	3	0	33	0	1	2	3	10	2	1	0	1	3	1	2	4	0	3	2	7	9	1	2	7	0	1	0	2	9	1	0	11	0	0	29	15	6	6	9	16	4	0	10	7	6	1	8	40	52	2	2	3	0	78	3	1	0	4	2	116	8	14	7	3	1	5	1	6	15	6	4	6	13	5	5	2	1	0	12	0	0	2	2	6	3	38	16	2	19	1	4	8	21	3	21	1	16	7	5	5	2	1	2	0	2	4	1	0	14	2	3	1	2	16	15	2	4	11	2	1	15	13	12	3	0	1	2	5	1	7	2	3	15	4	3	29	0	2	5	7	1	24	0	3	3	1	4	14	10	2	6	20	3	17	6	3	3	1	2	10	1	8	8	4	8	2	3	5	4	1	22	0	1	5	3	11	12	17	7	17	10	2	3	2	21	4	3	0	12	1	7	7	0	1	8	7	1	9	4	0	20	6	0	9	4	5	5	7	2	7	5	4	0	12	2	6	3	0	3	4	10	8	29	7	36	1	4	5	0	5	3	3	1	0	11	5	0	0	2	2	2	17	2	1	0	11	4	2	1	0	7	91	1	24	1	0	6	3	9	5	0	1	5	11	32	23	3	6	8	2	0	14	15	4	3	9	2	7	0	0	19	21	12	0	37	11	9	1	1	10	3	0	4	13	3	15	0	4	6	4	9	7	7	5	3	15	1	1	7	5	10	0	2	0	3	3	0	0	2	0	2	0	24	1	11	0	0	6	4	4	4	5	0	3	2	16	6	3	2	5	2	2	0	16	33	2	2	18	4	16	4	8	1	3	2	2	1	2	6	2	1	4	12	6	1	4	7	0	1	2
O'Reilly Radar	0	0	0	0	1	0	0	1	0	0	0	2	0	0	0	1	0	2	1	0	0	1	0	0	2	0	0	0	0	0	0	0	0	0	0	0	0	0	0	0	0	0	0	0	0	0	0	0	1	0	0	0	0	0	0	0	0	0	0	1	1	0	0	0	1	0	0	0	0	2	0	0	0	0	0	0	0	0	1	0	0	0	0	0	0	0	0	0	2	0	0	0	0	0	0	0	0	2	1	0	0	3	1	0	0	0	4	0	0	2	0	0	1	0	1	3	1	1	0	10	1	0	0	0	0	0	0	0	0	0	0	0	0	0	0	0	0	0	0	1	0	0	0	0	0	0	0	0	0	0	0	1	3	0	0	0	0	2	1	0	0	1	0	2	0	0	1	0	0	0	0	0	1	0	0	0	0	0	0	0	6	1	0	0	1	0	0	0	0	1	0	0	0	0	1	0	0	0	0	1	1	0	1	0	0	1	1	0	0	0	0	0	0	0	1	0	0	0	0	0	0	0	0	0	0	0	0	0	0	0	0	0	0	0	0	0	0	0	0	1	0	0	1	1	0	2	0	0	0	0	0	0	0	0	0	2	1	0	1	0	1	1	0	0	0	0	0	0	3	10	1	0	0	1	0	0	0	7	0	0	0	0	0	1	1	0	0	0	0	0	0	0	2	0	1	0	0	0	0	0	0	0	0	0	0	0	0	0	0	0	1	0	0	0	0	0	0	0	0	2	0	0	0	1	0	0	1	0	0	0	0	0	0	0	2	0	0	2	0	0	0	0	0	0	0	0	1	1	0	0	0	1	0	0	0	0	1	0	0	0	0	0	0	1	1	0	0	0	0	0	0	0	1	0	0	0	0	0	0	0	0	0	0	0	0	0	0	0	0	1	0	0	0	0	1	0	0	0	0	0	0	0	0	0	1	0	0	0	0	0	0	1	0	0	0	0	1	0	0	3	0	0	0	0	0	0	0	0	0	0	0	0	1	2	1	0	1
Steve Pavlina	0	2	0	0	6	0	0	7	0	1	0	0	6	1	2	0	1	0	0	0	0	0	3	0	0	0	0	1	0	9	4	0	0	4	0	0	0	2	1	0	2	1	4	0	0	0	0	0	0	0	0	22	0	1	0	2	9	1	0	7	10	0	0	0	0	0	1	0	1	1	0	0	0	0	0	0	0	0	0	0	0	0	0	1	0	0	0	0	0	0	1	0	0	1	0	0	1	0	0	0	0	1	2	1	1	0	0	0	0	0	0	0	1	0	27	3	0	0	0	1	1	0	2	0	0	0	0	0	0	0	0	0	0	0	2	0	1	20	0	3	0	0	0	0	0	0	1	0	0	1	0	0	12	0	0	0	0	3	3	2	1	18	0	5	0	0	3	1	0	0	0	1	0	1	0	0	0	0	0	0	4	1	0	1	1	0	1	1	9	2	0	0	2	0	0	0	0	0	0	9	1	1	3	0	0	3	0	0	3	0	1	1	0	0	0	0	0	0	0	2	0	5	2	0	3	0	0	0	2	1	0	0	1	1	0	0	0	2	0	0	1	1	12	1	0	2	0	1	0	1	0	10	0	1	0	6	0	1	1	0	0	0	1	0	8	16	0	2	4	0	0	0	0	3	3	0	0	1	0	1	2	0	19	1	0	0	0	0	0	3	29	0	0	0	0	5	0	0	1	0	0	0	7	0	0	0	0	20	3	0	6	0	0	7	0	0	0	1	15	0	2	1	1	0	1	0	1	0	0	0	1	2	0	1	0	2	0	0	1	0	0	1	0	0	0	0	0	3	0	2	0	1	0	0	2	1	1	3	0	0	0	3	2	0	0	7	1	7	1	1	0	0	0	0	23	0	2	0	0	0	0	0	3	0	0	0	0	1	0	6	1	0	0	20	0	2	0	2	0	0	0	0	0	0	2	0	0	0	0	0	0	0	0	0	1	0	8	1	0	0	0	0	0	1	0	0	3	0	1	0	0	0	0	0	0	0	0
Celebslam	0	0	0	0	0	1	0	0	0	0	0	0	0	0	0	0	0	0	0	0	0	0	0	0	0	0	0	0	0	1	0	0	0	0	0	0	0	0	0	0	1	0	0	0	0	0	0	0	0	0	0	1	0	0	0	0	0	0	0	0	0	0	0	0	0	0	0	0	0	0	0	0	0	0	1	0	0	0	0	0	0	0	0	0	0	0	0	0	0	0	0	0	0	0	0	0	0	0	0	0	0	0	0	0	0	0	1	0	0	0	0	0	0	0	1	0	0	0	0	0	0	0	0	0	0	0	0	0	0	0	0	0	0	0	0	0	0	0	0	0	0	0	0	0	0	0	0	0	0	1	0	0	1	0	0	0	0	0	0	0	0	10	0	1	0	0	0	0	0	0	0	0	0	0	0	0	0	0	0	0	0	0	0	0	0	0	0	0	1	0	0	0	0	1	0	0	0	0	0	0	0	0	0	0	0	0	0	0	0	0	0	0	0	0	0	0	0	1	1	0	0	0	0	0	0	0	1	0	0	0	0	0	0	0	0	1	0	0	0	0	0	0	0	0	0	0	0	0	0	0	0	0	0	0	0	1	1	0	0	0	0	0	0	0	0	0	0	0	0	0	0	0	0	10	0	0	0	0	0	0	0	1	0	0	0	0	0	0	0	0	0	0	0	10	0	0	0	0	1	0	0	0	0	3	0	0	0	0	0	0	0	0	0	0	0	0	0	0	0	0	0	0	0	0	0	0	0	0	0	0	0	0	0	0	20	0	0	0	0	0	0	1	0	0	0	0	1	0	0	0	0	1	10	0	0	0	0	0	0	0	0	0	0	0	0	0	0	0	0	0	0	0	0	0	0	0	0	0	0	0	0	0	0	0	0	0	0	0	0	0	0	0	0	0	0	0	0	1	0	0	0	0	0	0	0	0	0	0	0	0	0	0	0	0	0	0	0	0	0	0	0	0	0	0	0	0	0	0	0	0	0	0	0	0	0	0	1
Joho the Blog	0	1	0	0	3	0	0	1	4	1	1	0	0	0	0	0	0	2	0	0	1	0	0	0	0	0	11	0	1	2	0	0	1	0	0	0	0	0	0	0	0	0	0	0	1	0	0	0	1	0	0	11	0	0	0	1	2	0	0	8	1	0	0	0	0	0	1	0	0	0	0	0	0	0	1	0	0	0	0	0	0	0	0	0	0	0	0	0	0	0	1	0	1	0	0	1	0	1	1	1	1	3	0	0	0	0	3	0	0	1	0	0	0	0	0	0	0	0	1	0	2	1	0	0	0	0	0	0	0	0	0	2	0	0	0	0	0	0	0	0	0	0	0	0	0	0	1	3	0	0	0	0	2	0	0	1	0	0	0	0	0	1	0	1	0	0	2	0	0	0	0	0	1	0	0	0	0	0	0	0	1	0	0	0	0	0	0	0	1	0	0	0	0	0	1	0	0	0	0	1	0	0	0	0	0	0	1	0	0	1	0	0	0	0	2	0	8	0	0	0	1	0	0	0	0	0	0	0	0	0	0	0	0	0	0	0	1	0	0	1	2	1	0	0	0	1	0	0	0	0	0	2	0	0	1	2	0	0	0	0	0	0	0	0	0	0	0	0	2	0	0	0	0	0	7	0	0	0	0	0	0	2	0	0	0	0	0	8	0	0	0	1	0	0	0	0	0	0	0	0	0	0	0	0	0	0	0	10	0	0	0	0	0	0	0	0	0	0	0	0	0	1	1	0	0	0	0	0	0	0	0	0	1	0	0	0	0	0	0	0	0	0	0	0	0	1	0	1	0	1	0	1	0	0	0	0	0	1	0	0	0	0	0	1	1	1	0	0	0	1	0	0	0	2	0	0	0	1	0	0	0	0	0	1	0	0	0	0	0	1	0	0	0	10	0	0	0	0	0	0	0	0	0	1	0	0	0	0	0	0	2	4	0	1	0	1	2	0	0	0	2	2	0	0	0	0	0	0	0	0	0	1	0	0	0	0	0
456 Berea Street	0	5	0	0	9	0	0	3	0	1	0	1	4	0	0	0	0	5	0	0	0	0	0	0	3	0	0	0	1	1	0	2	0	0	0	0	0	0	0	0	1	0	0	0	0	0	0	0	1	1	1	0	0	1	9	0	6	0	0	3	2	0	0	1	0	0	2	0	0	3	0	1	0	0	1	0	0	0	1	0	0	0	0	0	6	5	3	3	0	0	0	0	0	0	0	0	1	0	1	0	0	4	1	2	0	0	3	0	1	2	0	2	0	0	3	0	2	0	0	1	6	0	1	0	1	0	0	0	1	0	1	1	1	3	3	1	4	0	1	0	0	0	0	0	0	0	0	0	0	1	1	1	0	1	1	2	2	3	1	7	0	3	0	1	0	0	0	0	0	0	0	1	1	0	0	3	2	0	0	0	3	0	1	0	1	0	0	4	2	0	0	0	0	1	3	0	0	0	0	4	3	2	5	0	0	2	3	0	3	1	4	0	2	0	6	0	0	2	4	0	6	0	0	0	0	1	0	2	0	0	0	1	1	1	0	0	0	1	0	0	1	0	1	0	0	4	0	0	0	1	0	0	2	0	0	1	0	0	0	0	0	0	0	0	2	0	0	3	2	0	1	0	0	1	0	1	0	5	0	0	0	0	0	1	0	0	1	4	1	6	0	0	0	12	1	10	0	0	1	0	0	0	0	0	0	1	0	4	0	0	0	0	0	0	1	0	0	1	1	0	2	0	0	1	1	0	0	0	1	2	4	2	5	0	1	0	0	0	0	0	0	0	1	1	0	1	0	1	0	4	0	2	0	6	0	0	9	0	2	2	2	0	0	0	1	1	0	1	1	1	0	0	0	1	0	1	0	1	2	3	0	1	0	0	0	0	0	1	0	5	0	2	0	0	2	0	1	2	7	0	1	1	0	0	1	1	0	0	0	0	3	0	0	0	0	2	3	1	0	0	0	3	0	0	0	0	0	0	4	0	1	1	0	2	0	0	0
Daily Kos	2	25	1	2	65	1	3	13	2	44	9	23	32	5	2	5	4	8	10	2	0	12	2	8	17	29	3	4	1	19	0	9	5	3	6	2	13	6	6	0	6	7	2	0	9	23	2	1	14	31	24	20	3	12	4	14	106	3	3	64	39	6	8	1	2	1	6	4	4	53	2	10	0	1	13	5	2	3	5	5	1	1	0	2	0	3	23	34	7	17	83	2	4	4	10	9	13	1	17	25	6	53	74	7	21	4	85	8	1	20	3	7	3	10	54	16	0	2	47	4	48	2	7	5	13	4	1	4	11	8	6	8	7	7	11	8	24	0	13	12	0	10	3	6	3	4	1	8	3	12	13	31	32	22	11	14	7	34	31	43	3	17	2	30	21	1	5	10	5	8	6	10	17	3	1	2	2	3	4	6	33	4	4	6	4	7	11	30	21	10	7	5	1	1	4	4	8	8	3	45	5	11	54	0	7	8	21	23	18	10	20	6	0	19	32	2	2	15	15	5	45	3	7	6	5	4	6	2	11	2	46	7	6	7	5	2	9	6	9	7	7	12	12	6	0	22	21	11	1	16	5	28	14	7	5	15	24	18	8	1	10	20	12	5	19	7	1	46	29	3	19	1	8	22	110	3	7	12	2	1	15	19	4	12	5	4	6	76	2	50	17	43	2	4	9	2	23	9	2	13	0	0	11	20	34	8	23	10	21	5	2	6	20	1	10	8	5	10	22	1	22	0	5	9	3	16	12	12	17	5	14	14	22	5	2	12	5	4	6	15	17	10	0	9	15	2	2	87	21	22	4	31	21	11	2	6	74	19	5	17	30	3	11	1	29	6	4	9	5	13	1	5	0	6	8	2	48	18	3	2	7	10	2	169	10	5	5	3	10	24	5	2	4	2	15	4	0	9	23	2	10	9	7	3	10	21	15	3	7	10	7	3	3	7	8	5	35	11	5	5	0	16	2	2	15	3	5	1	0	21	16	14	8	9	1	4	4
The Full Feed from HuffingtonPost.com	1	1	1	0	2	0	0	5	0	0	2	4	0	1	0	0	0	0	0	0	0	0	2	0	3	3	0	1	0	1	0	0	0	0	0	0	4	0	0	0	0	2	0	0	0	0	0	0	0	1	0	6	0	0	0	0	0	0	0	1	0	0	0	0	0	0	0	0	0	1	1	0	0	0	2	1	0	0	0	0	0	0	0	0	0	0	2	2	0	0	5	0	3	0	0	1	2	0	0	1	0	1	4	0	1	0	1	1	0	0	0	2	0	0	0	2	0	0	1	0	3	0	0	1	0	2	0	0	0	6	0	2	0	0	0	0	1	0	0	1	0	0	0	0	1	1	0	0	0	2	0	4	1	1	1	0	0	2	1	0	0	0	1	1	0	0	1	1	0	0	0	0	0	0	0	0	0	0	2	0	1	0	0	0	0	2	0	0	0	0	0	0	0	0	0	0	0	0	0	3	0	0	1	0	0	1	7	0	1	0	2	0	0	0	0	0	0	0	1	0	2	1	0	0	0	0	0	0	1	0	1	0	0	2	0	0	0	0	0	0	0	0	1	1	0	0	0	1	0	1	0	1	0	0	0	0	1	1	0	0	0	0	0	0	0	0	0	3	0	0	0	0	0	0	2	0	0	0	0	0	0	0	0	0	0	0	0	2	1	2	0	0	0	0	0	10	0	0	0	0	0	0	0	0	2	0	0	2	1	0	0	0	0	0	0	0	0	0	0	0	1	0	0	1	0	3	0	0	0	0	0	0	0	0	0	0	0	2	0	0	2	0	0	0	0	0	0	2	0	0	0	4	1	1	4	0	4	0	0	0	0	0	0	0	0	1	0	0	0	0	0	0	0	0	0	0	6	0	1	0	0	0	0	0	0	1	0	0	0	1	0	0	0	0	0	0	0	0	2	0	0	0	0	0	0	0	0	0	0	1	0	0	0	0	0	0	3	0	0	0	0	0	0	0	0	0	0	0	0	4	1	1	0	0	0	0	0
Joel on Software	0	2	0	0	0	0	0	0	0	1	0	0	1	0	0	0	0	0	0	0	0	0	0	0	0	0	1	0	0	0	0	0	0	0	0	0	0	0	0	0	0	0	0	0	0	0	0	0	0	0	0	1	0	1	0	0	1	0	0	0	0	0	0	0	0	0	0	2	0	0	0	0	0	0	0	0	0	0	0	0	0	0	0	0	0	0	1	1	0	0	0	0	0	0	0	0	0	0	1	0	0	0	0	0	0	0	1	0	1	1	0	0	0	0	1	2	0	0	0	0	0	0	0	0	1	0	0	0	0	0	0	0	0	0	0	1	0	0	0	0	0	0	0	0	0	0	0	0	0	0	0	0	6	0	0	0	1	1	0	0	1	1	0	1	1	2	2	0	0	0	0	0	0	0	0	0	2	0	0	0	0	0	0	0	0	0	0	0	1	0	0	0	0	0	0	0	0	0	0	2	0	0	0	0	0	0	0	0	1	0	0	0	0	0	2	0	0	0	0	0	2	0	0	0	0	0	1	0	2	0	0	0	0	0	2	0	0	0	0	0	0	0	0	0	0	0	0	3	0	0	0	2	0	0	0	0	0	0	0	1	0	0	0	0	0	1	0	4	0	0	0	0	0	0	0	0	0	1	0	0	3	0	1	1	0	0	0	1	0	0	0	0	0	0	0	10	2	0	0	0	0	0	0	0	0	0	0	0	1	0	2	0	1	0	0	0	0	0	1	0	0	0	0	0	0	0	0	0	0	0	1	0	0	0	0	0	0	0	0	0	0	0	0	0	1	3	0	0	0	0	0	2	0	2	0	1	0	0	0	3	1	0	1	0	0	1	0	0	0	1	0	0	0	1	0	0	0	1	0	0	0	0	0	0	0	0	0	0	0	2	0	0	0	0	0	1	0	0	0	0	0	0	0	0	0	0	0	0	0	0	0	0	0	0	0	0	1	0	0	0	0	0	0	0	0	0	0	0	0	0	3	0	3	0	0	0	0
Techdirt.	12	26	3	1	55	0	2	9	6	51	2	13	38	5	1	3	1	15	4	0	2	8	3	7	14	8	1	3	0	29	26	1	1	4	7	5	20	2	18	10	4	2	0	0	21	3	2	4	12	24	6	32	0	3	21	14	85	5	2	78	26	1	1	2	6	13	5	3	12	56	14	23	1	12	8	3	1	3	18	4	1	24	4	1	1	0	27	39	33	4	51	0	19	5	9	12	4	3	25	13	5	57	20	12	11	3	55	6	9	7	4	3	2	5	18	16	2	3	14	2	30	3	5	15	7	2	3	13	17	9	3	8	10	9	9	4	12	1	6	3	0	5	9	5	3	4	0	4	2	7	0	23	18	21	11	4	3	26	21	38	1	5	4	25	3	1	6	0	2	8	8	9	14	1	4	8	9	4	2	2	41	2	6	5	3	6	5	30	19	5	5	0	6	9	2	2	3	11	4	24	11	8	28	0	0	4	22	9	18	2	13	9	1	7	26	3	14	8	17	3	24	1	3	8	21	10	1	2	4	4	33	6	3	8	11	3	1	7	1	17	0	20	14	5	12	22	2	0	3	9	0	26	11	5	1	4	10	3	19	4	4	16	6	7	22	1	3	31	38	3	15	0	4	28	52	4	3	12	3	1	10	11	3	20	7	1	6	61	3	36	9	18	1	4	7	1	15	5	5	7	4	0	3	12	1	6	21	3	7	1	11	1	6	9	8	4	0	11	22	1	23	0	2	5	10	24	1	8	5	4	11	2	21	1	19	8	3	2	7	2	4	5	3	14	6	1	2	50	14	19	2	30	23	5	8	9	72	15	4	6	25	1	2	2	24	1	2	9	7	8	13	7	3	3	8	6	12	13	7	7	9	9	2	1	4	15	3	3	0	20	13	4	3	0	7	2	1	6	58	0	2	8	3	4	11	6	3	0	11	10	10	2	6	3	5	2	28	9	9	2	0	7	2	4	4	2	1	0	3	3	14	17	0	17	0	4	4
TMZ.com	0	3	0	0	0	0	0	0	0	8	2	4	1	1	0	1	0	0	0	0	0	0	1	0	0	0	0	0	0	0	0	0	0	0	0	1	1	0	2	0	0	1	0	0	0	2	0	0	1	5	0	3	0	0	0	5	5	1	0	3	7	0	0	0	0	0	1	0	0	1	0	0	0	0	1	0	0	1	0	0	0	0	0	0	0	1	0	0	2	2	16	2	0	0	0	0	1	0	3	1	0	4	2	0	3	0	2	1	0	0	0	0	1	4	0	2	0	0	0	0	3	0	0	0	0	0	0	0	0	0	0	0	1	1	0	0	2	0	1	3	2	0	0	0	0	0	2	0	2	2	0	4	2	0	0	0	1	0	0	2	0	0	2	2	4	1	0	1	0	0	0	0	0	0	1	0	0	0	3	0	2	0	1	1	0	0	0	0	0	0	0	0	0	1	1	0	2	0	0	3	0	0	0	2	0	3	0	0	0	0	1	0	0	0	2	0	0	2	1	0	0	0	1	0	0	0	0	0	3	0	1	2	0	1	0	0	0	0	0	0	0	0	3	0	0	0	3	0	1	1	0	4	0	1	0	1	4	0	0	1	0	1	1	0	2	1	0	0	0	0	1	0	2	2	11	0	2	0	1	0	0	1	1	0	0	0	0	2	0	4	3	3	0	0	1	1	0	1	0	0	0	0	1	4	0	1	0	0	2	0	0	6	1	1	0	2	0	0	1	0	0	0	0	1	0	4	0	0	0	0	1	0	0	0	0	1	0	0	0	3	0	1	0	0	0	0	2	2	0	0	1	2	0	0	0	1	6	1	0	0	0	0	0	0	1	1	0	1	1	0	0	0	0	1	0	1	0	0	0	0	4	0	0	3	1	0	0	0	2	1	0	1	2	0	0	0	0	0	0	0	0	3	2	0	0	0	2	0	1	0	1	0	0	0	1	0	1	0	0	0	0	0	0	0	0	0	0	0	0	1	0	0	0	1	0	0	0
ProBlogger	0	2	0	1	7	0	0	1	0	4	0	1	19	0	1	1	0	0	1	0	0	0	0	0	7	0	23	0	0	0	4	1	0	0	0	2	0	2	0	0	2	0	3	0	0	2	1	2	0	3	2	24	0	1	5	2	3	0	0	4	5	0	1	0	0	0	0	0	0	1	5	0	0	1	0	0	0	0	0	0	0	0	0	0	0	0	3	0	0	2	0	0	0	0	4	0	0	0	3	0	0	4	4	3	2	1	3	1	0	3	2	2	0	0	3	3	0	0	0	0	12	3	0	0	1	1	0	0	0	0	0	0	1	0	1	0	0	0	1	2	0	0	0	0	0	0	3	0	1	1	0	0	1	1	0	0	2	1	7	2	1	4	0	1	0	3	0	1	0	0	0	0	1	0	0	0	0	0	0	0	3	0	0	0	4	0	0	0	3	0	0	2	4	0	1	0	0	1	0	1	0	2	2	2	0	0	1	0	8	0	0	1	3	0	4	4	0	0	0	1	0	2	0	2	0	0	2	0	1	1	0	1	0	0	0	0	1	0	0	0	2	3	0	2	0	1	0	3	0	1	0	2	0	0	1	0	0	5	1	0	0	1	3	0	1	2	0	5	0	0	4	0	0	0	0	1	0	0	0	0	2	2	0	0	0	0	0	0	1	2	1	4	0	0	0	1	0	0	1	1	0	0	4	0	0	0	0	33	3	0	0	0	3	0	0	1	0	0	36	0	9	1	1	0	0	4	0	0	0	0	1	4	3	2	6	2	1	2	1	0	0	0	2	0	0	0	0	5	0	5	4	6	2	1	4	0	3	0	0	4	4	1	4	0	2	1	1	0	0	0	0	3	0	4	2	1	0	2	0	0	0	0	0	0	0	0	0	1	0	10	1	6	0	20	2	0	0	0	0	2	2	1	0	0	0	2	0	0	0	2	3	0	0	0	0	0	3	3	1	0	0	2	0	1	0	0	0	0	0	0	3	0	0	0	0	1	1
43 Folders	1	28	16	22	105	7	7	45	6	44	2	24	60	1	7	3	5	3	14	4	1	9	1	8	41	2	5	3	7	27	11	2	1	3	2	2	28	0	13	0	14	7	5	8	4	5	2	5	8	70	59	29	1	7	11	21	96	1	5	101	45	2	0	1	5	6	19	4	6	19	1	3	4	2	1	0	1	4	1	0	13	2	8	3	1	7	38	50	6	16	28	0	4	2	23	7	10	3	24	12	18	45	70	32	13	1	28	2	11	82	0	4	2	2	54	48	5	0	14	3	85	4	6	7	16	8	2	8	3	2	14	8	26	11	77	7	9	4	5	3	2	10	3	14	0	0	5	1	15	29	13	26	28	27	18	2	3	10	21	30	1	188	7	41	21	9	33	8	3	3	9	4	25	9	5	8	2	1	5	11	58	3	5	7	55	0	19	45	28	4	4	14	4	13	3	0	17	21	2	59	15	14	53	0	7	11	16	0	40	15	46	8	10	7	33	2	3	13	18	3	36	2	3	4	6	4	11	0	40	0	20	14	2	26	2	1	7	10	8	4	3	16	9	10	5	20	0	47	2	10	13	46	17	8	8	7	29	27	19	11	2	24	13	2	10	7	4	31	37	5	36	3	16	22	39	2	4	15	17	25	13	20	14	13	7	2	11	120	5	75	16	35	1	7	13	43	0	25	13	3	1	10	8	17	0	2	0	2	14	1	8	2	11	0	9	4	6	12	83	0	50	14	3	3	10	25	0	4	0	13	24	30	45	5	1	6	4	12	13	0	0	3	4	14	5	4	4	48	0	29	5	73	22	5	2	2	93	37	10	5	22	4	13	6	57	10	1	10	11	10	1	10	0	39	4	20	0	20	2	0	13	17	4	0	6	6	9	1	10	74	1	5	11	0	12	3	14	26	9	3	5	28	2	0	21	21	0	2	8	2	21	6	3	6	37	7	68	26	2	17	20	31	6	2	1	4	32	0	10	0	16	10	8	6	1	27	12
Lifehacker	0	6	0	1	6	0	1	1	3	4	0	2	11	0	0	3	0	0	1	0	0	0	0	0	5	0	0	0	0	2	0	1	2	0	0	1	2	1	0	1	2	2	0	0	0	1	0	1	0	3	1	3	2	1	3	1	3	0	1	0	7	0	2	1	1	0	0	0	1	1	1	0	1	0	0	0	0	0	1	1	0	2	3	2	0	1	0	1	0	1	2	0	0	0	1	0	0	0	4	0	1	8	2	1	2	1	5	1	0	0	0	1	0	1	1	4	0	1	0	0	4	0	1	2	1	0	7	0	1	0	0	0	2	0	5	0	3	0	0	0	0	0	0	1	0	0	0	0	1	1	0	2	4	1	0	0	1	2	0	5	0	5	0	9	2	2	0	0	0	0	0	0	1	0	1	0	0	0	0	0	4	0	0	1	1	0	2	1	3	0	1	1	0	0	1	0	0	0	0	1	0	0	4	2	0	1	2	1	3	0	2	0	0	1	4	0	0	1	0	0	3	0	0	0	0	0	1	2	4	0	1	5	0	0	1	0	0	0	1	0	0	2	0	3	0	1	1	0	0	0	1	7	0	1	1	1	0	1	0	1	0	3	2	0	2	0	0	1	1	0	2	0	0	0	0	1	0	3	1	0	2	5	1	1	2	0	1	4	0	3	5	5	0	2	1	26	0	0	0	1	0	3	1	1	0	0	0	1	0	0	0	0	3	0	0	0	1	2	15	0	3	1	0	0	0	4	1	4	1	0	1	0	1	0	1	0	0	0	0	0	0	1	2	0	2	0	1	7	0	4	0	11	0	2	0	0	8	1	1	1	0	0	0	1	0	0	0	3	1	0	1	0	3	0	0	1	1	1	0	0	0	0	1	0	0	0	1	0	0	2	0	0	0	0	2	0	0	1	1	0	0	1	1	0	1	5	0	0	0	0	0	0	0	0	2	1	2	0	1	0	0	0	0	0	1	1	0	5	1	0	1	1	0	0	2	0	2
The Dish	0	1	3	2	3	2	2	1	0	3	0	1	6	0	0	2	0	0	0	2	0	1	0	1	5	2	6	0	0	0	3	0	0	0	0	1	2	1	2	0	0	1	0	1	0	1	0	0	0	4	3	4	0	2	1	3	11	4	0	12	7	1	0	0	0	0	2	0	3	7	0	1	1	1	2	0	0	0	1	1	3	1	0	0	0	1	1	4	3	1	11	0	1	0	0	0	1	1	5	0	0	9	5	3	0	0	8	0	0	11	0	0	0	2	5	2	0	1	4	3	4	0	0	0	1	0	0	1	2	0	2	3	2	2	0	0	1	0	0	1	2	2	1	0	0	2	1	2	7	1	0	4	2	2	1	0	2	2	1	5	4	17	1	2	1	0	1	3	2	0	0	0	7	0	1	0	2	0	0	0	6	0	1	0	3	0	1	2	2	2	1	1	0	0	0	2	0	0	2	2	1	1	5	0	0	0	1	0	3	1	4	0	0	3	3	0	2	1	0	0	4	0	0	0	0	0	0	0	6	0	1	0	0	0	0	0	1	2	1	1	0	3	2	4	0	3	0	1	0	1	0	6	0	0	2	4	1	2	1	0	0	0	0	1	0	0	0	6	6	0	0	0	1	3	3	1	0	1	0	3	3	2	0	1	2	2	0	6	0	6	9	4	0	0	0	9	1	2	0	0	0	2	0	1	1	0	0	4	3	1	0	0	1	0	1	0	0	2	12	0	2	2	0	1	0	3	1	2	2	0	1	0	2	0	2	1	1	1	7	0	3	1	0	0	0	2	1	8	0	3	3	9	2	3	1	1	10	2	2	2	0	0	1	0	1	0	0	1	0	1	0	0	0	0	1	1	0	0	1	1	0	3	1	0	1	1	0	0	3	3	0	0	1	0	1	0	1	0	0	0	0	2	0	4	3	6	0	2	0	1	0	0	0	0	3	0	0	1	0	1	4	1	0	0	0	1	1	1	0	0	11	0	0	0	0	0	0
Autoblog	0	0	39	0	8	0	0	4	0	4	0	1	0	0	0	0	0	0	0	0	0	0	0	1	0	3	0	0	0	0	39	0	0	0	0	0	1	0	0	0	0	0	0	0	0	1	0	1	1	5	0	2	3	0	40	3	3	0	0	3	2	0	0	0	0	0	0	0	6	1	0	3	1	0	0	0	1	0	1	1	39	0	0	0	0	0	0	2	0	1	2	0	3	0	1	2	0	0	0	0	0	11	0	0	6	0	5	5	3	3	0	0	0	0	6	0	0	0	1	0	1	1	0	0	0	0	0	0	0	0	0	1	0	0	0	1	1	1	1	4	0	0	1	0	1	3	0	4	0	0	3	1	7	1	0	3	0	5	3	0	0	0	0	2	0	0	0	0	0	0	0	0	0	0	0	0	0	0	0	0	4	7	0	0	0	3	0	1	0	0	37	0	0	4	1	0	0	0	0	0	0	0	4	0	0	0	0	0	5	0	1	0	0	0	0	0	0	0	44	1	3	3	3	0	0	0	0	0	0	0	0	0	0	0	0	0	3	1	0	3	0	0	0	0	0	0	9	0	0	1	0	0	0	0	1	1	0	1	1	0	0	3	0	0	0	0	3	1	2	3	1	0	0	3	2	1	8	1	0	0	1	1	4	0	0	1	0	5	0	1	0	42	4	0	1	0	3	1	0	0	156	0	0	0	0	0	8	0	1	0	0	0	1	0	3	0	7	3	0	0	1	0	0	0	1	0	0	1	3	0	0	0	0	0	0	0	0	0	1	0	7	0	0	0	0	0	0	0	0	10	0	2	2	2	3	0	6	0	0	0	0	0	0	4	0	0	0	0	0	1	0	1	0	1	0	0	1	0	0	0	1	0	0	3	0	0	0	0	0	1	0	0	0	39	0	0	0	0	5	0	0	1	4	0	1	1	6	0	3	0	3	0	0	2	0	0	0	1	0	0	1	0	5	0	0	0	6	0	0	0	1	0	8	0	0	0	0
blog maverick	0	3	1	0	4	0	0	0	0	2	0	0	1	0	2	1	0	0	0	0	0	0	3	0	1	0	0	0	0	0	1	0	0	0	0	1	0	0	0	0	0	0	0	0	0	3	0	0	0	0	0	0	0	0	1	3	2	0	0	4	1	1	1	0	0	1	0	0	0	1	0	0	0	0	4	0	0	0	0	0	0	0	0	0	0	0	1	2	0	0	0	0	0	0	0	0	0	0	0	1	0	1	1	1	0	0	1	0	0	2	0	0	0	0	1	0	0	0	1	0	1	0	0	0	0	0	0	0	0	1	1	0	0	0	0	0	0	0	0	0	0	0	0	1	0	0	0	1	1	2	0	1	1	0	0	0	1	0	2	3	0	4	0	1	0	0	0	0	0	0	0	0	1	0	0	0	1	0	0	0	2	0	2	0	0	0	0	1	0	1	0	1	0	0	1	0	1	0	0	2	1	0	1	0	0	0	2	0	0	0	2	0	0	0	4	0	1	0	0	0	4	1	0	0	0	0	0	0	1	0	1	0	0	0	1	1	0	4	2	0	0	1	0	0	0	0	0	1	0	1	0	2	0	1	0	1	0	1	2	0	0	2	0	0	1	1	0	2	3	0	0	0	0	0	1	0	0	2	0	0	0	0	0	0	1	0	0	5	0	0	2	3	3	1	0	0	0	0	2	0	0	0	0	0	2	0	2	0	2	0	1	0	2	0	0	0	0	0	1	0	1	0	0	0	0	2	0	0	0	0	0	0	0	1	0	0	0	0	0	0	0	0	0	0	0	0	1	0	0	0	0	2	1	0	0	2	2	0	0	0	1	1	0	1	0	0	0	0	1	0	3	0	0	0	0	0	1	0	0	2	0	0	0	2	0	0	0	0	0	3	0	0	0	0	1	1	0	0	0	0	1	0	0	0	3	2	0	0	0	0	0	0	0	0	0	0	2	0	2	3	0	1	0	0	1	0	0	1	0	0	0	0	0	0	0	0	2
ongoing by Tim Bray	0	3	0	0	4	0	0	0	0	1	0	1	2	0	1	0	0	0	0	1	0	0	0	0	4	0	1	0	0	0	0	0	0	0	0	0	0	0	1	0	1	0	0	0	0	0	0	0	0	1	4	4	0	0	3	2	12	2	0	8	4	0	0	0	0	0	0	0	0	1	0	1	1	0	1	0	1	0	1	0	0	0	0	0	0	0	1	1	0	2	0	0	0	0	0	0	2	0	2	0	0	9	3	1	0	0	2	6	0	5	0	0	0	0	0	8	0	0	0	1	3	0	0	0	0	0	1	0	0	1	0	1	0	0	0	0	0	1	2	0	0	0	0	0	0	0	0	0	0	2	0	4	2	1	0	2	0	1	0	1	0	14	2	2	0	0	2	0	0	1	1	0	3	0	0	0	1	0	2	0	1	0	0	1	0	0	0	7	4	0	0	0	1	0	0	0	2	0	0	2	0	1	0	0	0	0	1	0	4	1	2	0	0	3	8	0	0	0	0	1	0	0	0	0	0	0	0	0	0	0	0	0	0	3	0	1	0	0	0	0	0	2	0	3	0	0	0	4	0	0	0	2	0	0	0	0	4	0	0	0	1	1	1	0	0	0	1	4	2	0	2	0	0	0	1	0	0	0	0	3	1	2	0	1	0	0	0	5	0	11	4	1	0	1	0	1	0	3	0	0	0	0	0	0	0	0	0	0	1	0	0	0	1	0	0	0	0	0	1	1	2	0	0	1	0	1	0	0	0	0	0	0	3	0	0	1	0	0	3	0	0	0	0	0	1	0	0	1	0	2	1	4	0	0	0	2	11	1	0	0	0	0	0	2	0	0	0	0	0	2	1	0	0	0	0	0	0	1	1	1	0	2	0	0	0	0	1	1	1	4	0	0	0	0	0	0	0	0	1	1	0	0	0	0	1	0	0	0	0	0	0	0	1	0	2	0	5	0	0	4	1	2	0	0	0	0	2	0	1	0	2	0	0	0	0	1	0
The Write News	3	0	0	0	0	1	0	0	0	4	0	0	0	0	0	0	0	0	0	0	0	0	0	0	0	1	0	0	0	1	0	0	0	0	0	0	0	4	0	0	0	0	0	0	12	0	0	0	0	1	0	1	0	0	1	0	2	0	0	1	1	0	0	0	0	0	0	0	0	1	0	0	0	0	0	0	0	0	0	0	0	0	0	0	0	1	0	0	0	0	3	0	0	0	0	0	0	0	0	1	0	0	0	0	0	0	4	0	0	0	0	0	0	1	4	0	0	0	0	0	0	0	0	0	0	0	0	0	0	0	0	0	0	0	0	0	0	0	0	0	0	0	0	0	0	0	0	0	0	2	0	0	0	0	0	0	0	2	2	0	0	0	0	0	0	0	0	1	0	0	0	0	0	0	0	0	0	0	1	0	0	0	0	0	0	0	0	0	0	0	0	0	0	0	0	0	0	0	2	0	0	0	4	5	1	0	1	1	0	0	2	0	0	0	0	0	0	0	0	0	0	0	0	0	0	0	0	2	0	0	0	0	0	1	1	0	0	0	2	0	0	0	0	0	3	0	0	0	0	0	0	0	1	0	0	0	1	0	0	0	1	0	0	0	0	0	0	0	0	0	0	0	0	0	1	0	0	2	0	0	2	0	6	0	0	0	0	5	0	0	0	0	0	0	0	15	3	0	0	0	0	0	0	1	2	0	0	0	2	0	0	0	1	0	0	1	0	0	0	0	0	0	0	0	0	0	0	0	0	0	0	0	0	0	0	0	0	1	0	0	2	0	0	0	0	0	0	0	0	2	0	0	0	0	0	0	0	0	0	0	0	0	0	2	0	0	0	1	0	0	0	0	0	0	1	0	0	1	0	0	1	0	0	14	1	0	0	0	1	0	0	0	0	0	0	1	0	0	1	0	0	0	1	0	0	0	0	0	0	0	0	0	0	0	0	0	0	0	0	15	0	0	0	0	0	0	0	0	1	0	0	0	0	0	0	0	0
ThinkProgress	0	0	0	0	2	0	0	0	0	0	0	0	0	0	0	0	0	0	1	0	0	0	0	1	2	3	0	0	0	0	0	0	0	0	0	0	0	0	1	0	0	0	0	0	0	3	0	0	1	0	0	0	0	0	0	0	4	0	0	10	1	0	2	0	1	0	0	0	0	0	0	0	1	0	1	1	0	0	0	0	0	0	0	0	0	0	1	1	0	0	5	0	1	0	1	0	0	0	1	0	0	3	1	0	0	1	4	0	0	0	0	0	0	0	0	1	0	0	0	0	0	0	0	0	0	0	0	0	0	0	0	0	0	1	0	0	1	0	0	0	0	2	0	0	0	2	0	0	0	0	1	0	2	0	1	0	0	1	3	0	0	0	2	0	0	0	0	2	0	0	2	0	0	0	0	0	0	0	1	0	2	0	0	0	0	0	0	0	0	0	0	0	0	0	1	0	0	0	1	2	0	0	1	0	1	0	1	4	0	0	1	0	0	0	0	0	1	1	0	0	0	0	0	0	0	0	0	0	0	0	3	0	0	0	0	0	0	1	1	0	0	0	1	1	0	2	5	0	1	0	0	0	1	0	0	1	2	0	0	0	2	0	1	0	1	0	0	2	0	0	0	0	0	0	1	0	0	0	0	0	2	1	0	1	0	0	0	3	0	1	1	0	0	0	1	0	1	0	0	0	0	0	0	0	3	0	0	1	0	0	0	2	1	0	0	0	0	1	0	0	0	0	0	0	0	3	0	1	0	0	1	0	0	0	0	0	0	0	1	4	0	0	0	0	0	0	0	1	0	1	0	0	0	0	0	0	3	0	0	2	0	0	0	0	0	1	0	0	1	1	0	0	0	0	2	0	3	3	0	0	0	0	0	14	1	0	0	0	0	0	1	0	0	0	1	0	0	0	1	0	0	1	0	1	1	0	1	0	1	0	0	0	0	1	0	0	0	0	0	0	0	0	0	0	0	0	0	0	0	2	1	0	0	0	0	0	0
SpikedHumor - Today's Videos and Pictures	0	9	2	2	3	1	0	1	3	1	3	1	5	1	3	0	3	0	0	1	1	1	1	1	2	2	0	0	1	3	0	0	0	0	1	1	0	0	2	1	1	1	0	2	0	1	0	0	0	12	2	2	0	0	0	2	1	1	0	108	13	0	2	1	1	0	0	2	0	3	0	0	2	1	2	0	3	0	2	0	0	1	3	0	0	0	2	5	0	2	9	0	0	0	2	1	0	2	1	1	0	11	3	4	3	1	8	1	0	5	0	0	2	0	3	2	0	0	3	0	5	0	0	0	0	0	1	0	1	0	0	0	1	0	1	0	3	0	0	0	0	3	1	0	0	0	0	4	1	0	1	5	7	2	1	2	2	3	2	4	0	8	4	0	1	0	0	0	0	0	0	0	2	0	0	4	1	0	1	0	14	2	0	1	1	0	0	0	102	0	0	2	1	2	4	0	2	0	1	1	3	2	5	0	0	3	0	1	2	0	3	0	0	3	1	0	0	2	4	0	1	0	1	2	1	0	0	1	4	0	2	6	1	2	0	0	0	0	2	1	1	1	0	4	0	2	2	1	2	1	0	4	1	2	2	0	3	0	4	0	0	0	1	2	3	5	0	3	1	0	2	5	0	0	7	0	5	1	1	0	4	2	15	0	0	0	1	8	0	2	1	1	5	2	0	0	1	1	0	3	0	0	0	0	0	0	3	3	0	2	1	0	0	5	0	0	102	0	6	2	4	2	0	0	0	2	0	0	1	0	0	0	2	0	0	0	0	0	1	0	3	2	1	1	2	0	4	0	2	0	4	5	2	5	1	0	8	0	0	1	3	0	0	0	3	0	0	2	0	0	2	1	1	0	1	0	0	0	0	0	1	7	1	0	0	0	0	0	2	2	0	0	1	0	3	1	1	3	7	0	0	1	1	0	2	2	0	0	6	0	1	0	0	0	0	1	5	1	0	6	1	2	0	0	0	0	2	0	0	0	2	1	2	0	0	0	1
Slashdot	1	5	0	0	10	1	2	1	0	11	0	9	2	4	0	0	0	10	0	0	1	1	0	0	6	0	0	0	0	6	0	0	0	3	0	0	0	1	0	1	0	1	0	0	1	1	0	2	1	5	5	2	0	0	3	2	21	0	3	18	5	2	3	0	0	0	0	0	3	11	0	1	6	0	5	1	0	0	2	1	1	0	0	0	2	1	1	3	16	2	4	0	0	1	2	3	1	0	2	2	0	27	1	1	1	2	20	0	0	2	3	0	0	1	4	2	0	3	7	1	14	0	0	0	0	0	1	1	0	3	0	0	0	3	0	1	1	0	0	0	1	1	2	0	2	1	2	1	0	1	1	2	7	3	2	0	1	6	1	4	0	1	0	6	0	0	1	2	0	2	0	0	5	0	1	2	0	1	0	0	7	0	0	0	0	2	0	13	1	2	0	0	1	0	2	0	0	3	1	6	3	1	7	0	1	0	1	0	1	1	0	0	0	1	6	0	2	2	2	1	11	0	0	1	9	1	2	2	0	1	6	0	2	1	3	0	2	1	1	1	0	1	6	4	1	0	2	1	1	1	0	6	2	0	0	2	0	0	0	0	2	0	2	2	9	0	1	11	10	0	0	0	4	1	2	2	0	3	0	0	1	3	1	2	0	0	2	5	0	6	0	0	0	1	1	15	5	1	1	1	0	0	0	1	0	0	3	0	6	1	2	2	3	0	0	2	0	1	3	0	0	0	3	2	0	1	2	1	6	2	2	2	3	1	3	0	0	0	5	1	3	0	0	1	0	0	0	12	3	6	2	2	4	1	0	1	11	3	0	1	3	1	2	0	2	1	2	4	0	9	2	0	0	1	0	0	1	3	0	0	0	2	0	0	1	0	0	2	2	1	0	0	0	0	2	3	1	0	9	1	0	1	1	0	0	2	4	0	2	2	0	0	0	2	0	0	4	1	0	1	0	0	0	0	0	0	2	0	1	0	6	0	0	5	0	0	1
TechCrunch	1	6	0	0	8	0	0	0	0	3	0	4	1	0	0	2	0	0	0	0	0	0	0	0	2	0	1	0	0	2	2	0	0	3	0	0	1	1	0	1	2	0	0	0	8	1	2	0	0	0	0	4	0	2	3	1	9	0	0	2	5	1	1	0	0	2	1	0	0	1	1	0	0	0	5	1	2	0	0	1	0	0	3	2	0	0	0	0	0	0	0	0	1	2	0	0	0	1	1	0	0	5	2	0	1	1	9	1	0	0	0	0	0	0	5	2	0	0	0	0	4	2	0	0	0	0	1	3	1	3	0	0	0	0	0	0	3	0	0	2	0	1	0	0	0	2	1	1	0	0	1	3	7	1	1	2	2	3	1	0	0	0	0	7	0	0	0	0	0	0	1	1	0	0	0	0	0	0	0	0	3	0	0	0	2	0	0	4	2	0	0	0	1	0	1	0	1	1	1	2	3	2	6	3	0	2	0	0	0	0	0	0	1	0	1	0	0	0	0	0	0	0	1	0	1	0	2	2	1	0	0	3	0	1	8	0	1	1	3	1	1	1	0	2	3	1	1	1	0	0	0	7	0	0	1	0	1	2	0	0	1	1	1	0	1	3	0	3	1	0	0	0	0	1	2	0	1	0	1	0	1	1	0	0	0	1	1	4	1	0	0	3	0	0	0	21	4	2	0	0	19	1	0	1	0	1	0	1	2	0	0	1	3	0	1	1	2	0	3	5	0	1	1	0	0	2	0	1	0	0	1	0	0	0	0	0	0	0	3	0	1	0	0	0	0	0	1	2	0	2	1	7	0	0	0	0	4	0	0	1	1	0	2	0	0	0	0	0	1	5	2	0	0	1	1	0	0	1	0	0	0	0	0	0	0	1	0	0	0	2	0	0	1	0	0	1	0	1	10	0	0	1	0	0	1	1	0	0	0	0	0	0	0	0	2	0	2	1	0	0	0	1	0	0	0	2	2	0	1	0	4	0	3	3	2	0	0
PerezHilton	0	1	0	0	1	0	0	0	0	9	2	0	1	0	0	0	0	0	0	0	0	1	0	0	0	0	0	0	0	0	0	0	0	0	0	1	3	0	3	0	0	0	0	0	0	0	0	0	1	2	0	2	0	1	0	1	1	0	0	0	1	0	2	0	1	0	0	0	0	1	0	0	1	0	1	0	0	0	0	0	0	1	0	0	0	0	0	0	0	0	5	0	0	0	0	0	0	0	0	1	0	2	0	0	1	1	3	0	0	0	0	0	1	0	0	0	0	0	0	0	0	0	0	0	0	0	0	0	0	0	0	0	1	0	1	0	0	0	1	2	0	2	1	0	0	0	0	0	0	7	0	0	4	1	0	0	0	5	0	4	0	0	0	2	0	0	1	1	0	0	0	0	1	0	2	0	0	0	2	0	3	0	0	0	0	0	0	0	2	0	0	0	0	0	0	0	0	0	0	0	0	0	0	0	0	0	0	0	0	0	0	0	0	1	0	1	0	1	0	0	0	0	2	0	2	0	0	0	1	0	0	0	0	1	0	0	0	0	0	0	0	1	0	0	0	0	2	0	0	1	0	0	1	0	0	0	2	1	0	0	0	1	0	0	0	0	0	1	0	0	1	0	1	0	5	0	1	1	0	0	0	1	1	0	0	0	0	0	0	4	0	0	0	0	0	0	0	1	1	0	0	0	0	13	0	0	0	0	2	1	0	2	4	0	0	0	0	0	1	2	1	0	0	0	0	2	0	0	2	0	1	1	0	0	0	0	0	0	0	2	1	1	0	0	1	0	0	0	0	1	0	3	0	2	0	0	2	0	0	1	0	0	1	0	0	0	0	0	0	0	0	0	0	0	0	0	0	1	0	0	0	0	0	0	1	0	0	0	2	1	0	0	0	0	0	0	0	1	0	0	0	1	0	0	0	0	3	0	0	0	0	0	0	0	0	0	1	1	1	1	0	0	1	0	0	0	0	0	0	0	0	0	0	0	0	0	0
Search Engine Roundtable	3	1	0	0	4	1	0	0	0	0	0	0	2	0	0	0	0	1	0	0	0	0	0	0	0	0	0	0	0	0	0	0	0	0	0	0	0	0	0	0	0	0	0	0	3	0	0	0	1	0	0	4	0	0	0	0	0	0	0	0	0	0	0	0	0	0	0	0	0	3	0	0	0	0	0	0	0	0	0	2	0	0	0	0	1	0	0	0	0	0	0	0	0	0	0	0	0	0	0	0	0	1	0	1	0	0	4	1	0	2	0	0	2	0	0	0	0	0	2	0	2	0	0	0	0	0	28	0	0	0	0	0	0	0	0	0	1	0	0	0	0	0	0	0	3	0	0	0	0	0	0	0	2	0	0	0	2	0	0	3	0	0	0	5	0	1	0	0	0	0	0	0	0	0	0	1	3	0	0	0	1	0	0	0	0	0	0	1	4	0	0	0	0	0	0	0	0	0	0	1	0	0	0	0	0	0	0	0	2	0	1	0	0	0	2	0	0	0	1	0	0	0	1	0	0	0	3	3	0	0	0	0	0	0	0	0	0	0	0	0	0	0	0	1	0	0	0	0	0	0	0	0	0	0	0	2	0	0	0	0	0	0	0	0	0	0	0	0	0	0	3	0	0	0	1	0	1	0	0	0	0	0	1	0	0	0	0	2	0	3	1	0	0	0	0	0	0	0	1	0	0	0	0	0	0	0	0	0	0	0	0	0	1	0	1	0	0	0	4	0	0	0	0	0	0	0	0	0	0	0	0	1	0	0	6	0	1	0	0	0	0	0	0	0	0	0	0	3	0	1	0	4	2	0	1	0	1	0	0	1	0	0	3	1	0	0	0	0	0	0	0	0	14	1	0	0	0	1	1	0	0	0	0	0	0	0	1	0	0	1	0	0	1	0	0	0	0	0	0	0	0	0	0	0	0	0	0	0	0	0	0	0	2	0	0	0	1	2	0	0	0	3	0	3	0	0	0	0	3	0	2	0	0	0	0	0	0
Quick Online Tips	5	2	0	0	1	0	1	0	0	1	0	0	16	0	0	0	1	0	0	1	0	0	0	0	1	0	0	0	0	0	4	0	1	1	0	0	0	0	1	5	1	0	0	0	0	1	0	3	0	1	0	13	0	0	2	1	1	0	0	1	0	0	0	2	0	0	0	0	0	1	1	1	0	1	0	0	0	0	0	0	0	0	0	0	0	0	0	1	0	0	0	0	0	0	0	0	0	0	0	0	0	1	0	2	0	0	1	0	0	0	0	0	0	0	1	0	1	0	0	0	2	0	0	0	0	0	20	0	0	1	0	0	0	0	0	0	0	0	0	1	0	0	0	0	0	1	0	0	0	3	1	0	8	0	0	6	0	0	2	0	1	1	0	3	0	0	0	0	0	0	0	0	0	0	0	0	2	0	0	0	11	0	0	0	0	0	0	5	3	0	0	0	0	0	1	0	1	0	0	1	1	0	3	0	0	0	0	0	0	1	1	0	0	0	0	1	0	0	1	1	0	0	0	0	0	0	0	0	0	4	0	5	0	0	3	0	0	1	0	1	0	1	1	0	0	1	0	0	0	0	0	0	0	0	0	0	0	3	0	0	0	0	1	0	1	0	0	0	0	0	5	0	0	2	0	0	0	0	0	6	0	0	1	0	0	0	0	3	3	3	1	1	0	10	0	13	0	1	0	0	0	1	0	0	0	0	0	11	1	0	3	0	0	0	0	0	0	2	11	0	2	0	0	0	0	0	0	0	0	0	2	0	6	0	1	0	0	0	0	0	0	0	4	1	0	0	0	1	3	0	0	2	0	0	0	0	2	1	0	0	1	0	1	0	0	0	0	1	0	0	0	0	9	0	0	0	0	1	0	0	0	1	0	0	0	0	0	0	0	2	1	0	0	10	1	2	0	1	0	0	0	0	0	1	1	0	0	0	0	1	0	0	18	0	0	0	1	2	1	11	0	0	0	0	6	0	0	0	0	0	0	0	0	1	9	0	0
Deadspin	0	0	0	0	5	0	0	1	0	2	0	0	0	0	0	0	0	0	0	0	0	0	0	0	2	0	0	2	0	3	1	0	0	0	0	0	2	1	1	0	0	0	0	0	2	1	0	0	0	0	0	1	4	0	1	4	4	0	0	1	5	0	1	1	1	1	0	0	1	0	3	0	0	0	2	0	0	0	0	0	0	0	0	2	0	0	3	0	0	2	4	0	3	1	2	0	0	0	2	0	0	3	1	1	1	0	3	0	0	0	1	2	0	1	0	1	0	0	0	0	6	2	0	0	1	0	0	0	2	0	0	0	0	0	2	0	0	0	1	1	0	0	1	0	0	0	0	0	2	0	0	1	2	1	0	2	1	0	0	0	0	0	1	2	0	0	1	1	0	0	0	2	0	0	0	0	2	0	2	0	10	0	0	0	1	0	0	1	2	0	2	0	0	0	0	0	1	1	0	2	0	0	2	0	0	0	0	0	1	0	0	0	0	0	2	0	0	0	0	0	3	0	0	0	1	0	0	1	1	0	2	5	0	1	0	1	2	1	0	2	0	1	0	2	0	1	0	1	0	0	0	5	0	0	0	0	0	1	1	0	0	2	1	0	2	0	0	1	1	0	0	0	2	1	3	0	2	0	1	0	0	1	0	0	0	2	0	4	0	2	3	4	0	0	0	25	2	1	0	0	0	2	0	1	0	0	0	0	2	0	0	0	1	0	0	0	0	0	9	0	0	0	2	0	0	1	0	0	2	0	1	1	0	0	0	1	0	0	5	0	2	0	0	1	1	0	2	2	0	0	0	3	1	1	0	1	3	0	0	0	0	0	5	0	0	1	1	1	1	0	0	0	0	0	1	0	0	2	0	0	1	0	1	0	0	2	0	0	1	2	0	0	1	0	1	3	0	1	2	0	0	1	3	1	1	2	2	0	4	0	0	0	0	1	1	0	3	1	2	1	0	1	1	0	0	0	0	3	1	0	0	0	2	0	2	0	0
plasticbag.org	0	6	0	0	1	0	0	1	0	1	0	3	1	0	0	0	0	0	0	0	0	1	0	0	2	0	2	0	1	0	0	0	1	0	0	0	1	0	0	0	1	0	0	2	1	0	0	0	0	0	0	0	0	5	0	2	5	0	0	1	2	0	0	0	0	0	0	1	0	0	0	0	1	0	1	0	0	0	0	0	1	0	0	0	0	0	1	0	1	0	1	0	0	0	1	1	0	0	2	0	0	0	1	0	0	0	1	0	0	1	0	0	0	0	4	2	0	0	0	0	1	0	0	1	1	0	0	0	1	0	0	1	0	0	0	1	0	0	0	0	0	1	0	0	0	0	0	0	0	1	0	1	2	0	1	0	1	0	1	0	0	3	1	1	0	0	0	0	0	0	0	0	0	0	0	0	0	0	0	0	6	0	0	0	1	0	0	3	1	0	0	0	0	0	0	2	0	0	0	1	0	1	2	0	0	0	0	0	3	0	1	0	3	1	2	0	0	0	0	0	0	0	0	0	0	0	0	0	2	0	0	0	0	0	2	0	0	1	0	0	1	2	1	0	0	2	0	0	1	2	0	3	2	0	0	2	0	1	0	2	0	1	1	0	1	1	0	2	0	0	1	0	0	0	1	0	0	0	0	0	3	0	0	0	0	0	0	0	0	1	1	0	1	0	0	6	0	0	0	1	0	0	0	0	0	0	0	1	1	0	0	0	0	0	2	1	1	1	1	1	5	0	0	0	0	0	0	0	0	0	0	0	0	0	1	0	0	0	0	0	0	0	0	1	0	0	0	1	0	2	0	0	0	1	0	1	1	1	0	0	3	0	0	0	0	0	0	0	1	0	0	0	0	0	0	0	0	0	1	0	0	0	0	0	1	0	0	0	0	1	1	1	0	0	0	1	0	1	1	0	0	0	0	0	0	0	0	0	0	1	1	0	0	0	1	1	2	0	1	0	0	1	0	1	0	0	1	0	0	0	2	0	0	0	0	1	0
Gothamist	0	5	0	0	6	4	1	3	0	14	3	2	2	2	0	0	0	0	1	0	1	0	2	1	4	4	0	1	1	5	0	0	0	0	3	1	4	3	3	0	0	0	0	0	4	3	0	0	0	2	0	4	0	0	3	4	9	0	0	11	8	1	11	1	0	1	1	0	0	7	3	0	0	0	0	2	4	0	1	1	0	1	0	0	0	0	0	6	3	2	12	0	1	0	3	0	0	0	5	0	0	9	9	0	0	1	11	3	0	1	0	0	0	4	3	4	0	0	0	0	10	0	1	2	2	0	0	2	0	0	1	2	1	0	0	0	2	1	2	0	0	4	0	0	2	1	0	0	2	7	1	0	14	2	0	4	1	8	7	2	1	2	6	6	3	0	3	1	0	0	1	0	6	0	0	1	0	0	3	1	5	0	1	2	1	2	0	5	6	0	1	1	0	1	0	0	2	0	1	6	0	2	13	5	0	0	5	0	2	0	6	0	0	3	3	2	0	2	0	0	4	2	0	0	3	0	0	3	1	0	4	6	0	1	2	6	1	3	1	0	3	3	0	1	0	0	4	2	3	2	1	3	4	0	3	3	3	3	2	0	1	0	1	1	5	1	0	4	1	0	3	3	0	3	6	0	2	0	1	2	2	3	3	0	0	1	1	5	1	5	12	1	0	2	0	1	2	2	0	0	18	1	0	5	0	0	1	1	5	0	1	2	3	3	1	0	1	1	6	1	6	0	1	3	0	3	3	1	3	0	3	3	4	0	0	4	0	1	1	5	0	0	1	1	1	0	1	7	0	5	0	3	5	0	0	0	10	3	0	3	4	0	4	0	5	0	0	0	1	3	0	2	0	0	1	1	2	1	0	0	2	1	0	0	3	0	2	1	2	3	0	0	0	0	3	2	0	2	3	1	0	2	0	0	2	5	3	0	1	0	0	0	0	1	2	0	7	0	2	0	0	1	0	0	0	0	3	9	0	3	2	0	0	0	0	0	0
Engadget RSS Feed	0	5	0	0	1	2	0	1	1	3	1	0	1	1	0	0	0	4	0	0	1	0	2	0	1	1	0	0	0	2	0	0	0	2	0	1	1	0	1	0	0	0	0	0	0	0	1	1	1	1	2	3	0	1	1	3	4	0	0	4	2	0	0	1	1	0	0	0	0	1	3	1	0	0	4	0	2	0	0	2	1	4	3	0	0	1	1	0	0	3	1	0	0	0	0	1	0	0	0	0	0	4	1	0	4	1	17	2	0	0	0	0	0	0	2	3	0	2	0	0	5	1	0	0	1	0	7	0	0	4	0	0	0	0	0	0	0	2	2	1	0	0	0	0	1	4	0	0	1	0	0	2	6	2	0	1	0	3	4	2	0	0	1	7	0	0	0	0	0	0	0	1	0	1	0	0	0	0	1	0	6	1	0	0	0	0	0	3	1	2	0	0	0	0	0	0	0	1	0	1	0	0	0	2	0	2	0	2	2	0	0	0	0	0	1	0	1	2	2	0	4	0	0	0	0	0	1	0	0	0	0	1	0	1	7	0	0	0	2	0	0	0	0	1	0	0	0	1	2	2	0	5	0	0	0	2	1	0	0	1	0	1	1	0	0	0	0	3	1	0	3	0	0	1	1	0	2	0	1	0	2	0	2	0	1	2	0	2	0	4	1	1	6	0	1	1	3	5	0	0	0	1	0	0	2	0	1	0	6	0	0	0	0	0	0	0	1	0	6	1	0	0	1	0	1	3	0	1	0	0	1	2	1	0	0	4	0	0	1	0	0	0	0	0	0	0	0	2	1	3	0	4	0	2	0	0	5	1	1	1	2	1	3	0	0	0	1	1	0	0	0	1	1	0	0	0	0	1	0	2	0	3	0	4	1	0	0	1	0	0	0	0	0	0	0	2	0	2	11	0	0	0	0	0	2	2	0	0	0	0	0	0	0	0	4	0	1	1	0	0	2	1	0	0	0	1	0	3	1	0	0	0	1	0	2	1	0
Kotaku	0	1	2	0	2	0	0	1	0	2	0	0	3	2	0	0	1	0	0	0	0	1	0	0	0	1	0	0	0	3	0	0	0	0	0	1	3	0	1	0	1	0	0	0	0	1	0	0	1	0	1	2	2	1	1	0	5	1	0	2	2	1	0	1	0	1	0	1	0	2	0	1	0	0	0	0	0	1	0	1	0	16	0	2	0	2	2	1	0	1	2	0	0	1	0	0	0	0	2	0	1	1	1	1	3	3	4	2	0	1	2	0	0	0	1	3	0	0	0	0	5	0	1	0	0	0	0	2	0	0	2	0	2	1	5	0	1	0	1	5	0	1	0	1	0	1	0	0	1	1	0	0	5	0	2	1	0	2	2	1	1	2	0	7	0	0	2	0	0	0	1	0	1	0	0	0	0	0	0	0	3	0	0	1	0	0	0	2	2	1	3	2	0	0	0	0	1	1	0	5	0	0	6	0	0	2	1	0	2	2	2	0	0	1	1	0	3	2	0	2	1	0	1	0	0	0	1	0	0	0	1	6	0	1	0	0	0	1	4	0	0	2	0	1	0	0	0	3	0	1	1	4	1	0	1	0	3	1	0	1	0	2	1	0	0	1	0	0	1	0	1	0	0	4	1	0	1	1	1	2	0	1	3	0	0	2	1	2	0	4	7	0	0	1	0	25	1	1	0	0	0	1	1	0	0	0	0	0	3	0	2	0	4	0	0	0	0	1	6	0	3	0	0	0	0	2	0	0	0	0	2	0	0	0	1	1	0	0	1	0	0	1	1	0	0	0	1	0	0	2	2	1	2	3	0	0	5	4	0	1	1	0	1	0	3	0	1	3	0	2	0	0	1	1	0	0	0	0	0	0	1	0	2	0	0	0	0	0	0	2	0	0	1	0	2	1	0	2	3	0	1	0	1	0	0	3	0	1	1	1	0	0	0	0	3	1	4	2	0	2	0	0	0	0	0	0	0	6	1	0	1	0	0	0	3	0	0
Latest from Crooks and Liars	0	0	0	0	3	0	0	0	0	5	0	0	5	1	1	0	1	0	1	0	0	0	0	1	4	1	2	2	0	4	0	1	1	0	0	1	2	0	2	0	1	0	0	0	3	2	0	0	0	6	1	2	0	1	0	2	10	0	0	7	7	0	0	0	0	0	0	0	0	18	0	0	1	0	1	0	1	0	4	0	0	0	0	1	0	1	1	5	0	0	5	2	2	0	1	0	0	0	4	2	0	4	7	4	2	1	7	1	0	0	0	0	0	1	5	4	0	0	9	1	5	0	0	0	5	0	0	0	2	0	0	0	0	2	3	2	2	0	0	1	2	1	0	0	1	0	0	2	2	3	1	3	1	2	0	1	3	1	1	4	0	1	3	3	3	1	1	0	0	0	1	0	1	0	1	1	0	1	1	0	5	0	0	0	1	0	6	4	2	2	0	1	0	0	1	0	1	1	0	10	0	0	5	0	1	0	2	1	0	0	3	1	0	0	1	0	0	2	2	0	0	1	0	0	0	1	1	0	0	0	4	0	0	1	0	0	0	0	0	0	0	0	1	0	0	0	3	0	1	0	0	2	4	0	0	3	1	0	1	0	0	4	1	0	0	0	0	5	2	1	0	0	0	0	15	0	0	0	0	0	0	1	0	0	1	1	0	5	0	9	1	1	0	0	0	3	1	1	2	1	0	0	1	0	4	1	2	0	2	0	1	1	0	0	0	0	2	0	5	0	2	1	0	0	0	5	0	0	0	0	1	0	1	1	0	0	0	2	1	2	0	0	0	0	0	0	0	11	1	5	1	11	2	1	0	2	5	6	0	0	5	0	3	1	3	0	1	0	2	1	0	1	0	0	1	0	2	0	1	1	0	2	1	27	0	1	2	1	1	2	0	0	0	0	0	2	0	1	1	0	1	1	0	0	0	1	4	0	0	1	3	0	0	0	1	1	6	1	1	1	0	1	0	1	0	0	1	3	0	4	1	0	0	0	0	0	1
Captain's Quarters	0	1	0	1	0	0	0	0	0	4	1	0	1	0	0	0	0	0	0	0	0	0	0	0	0	0	1	0	0	2	0	0	0	0	0	1	0	0	3	0	0	0	0	0	0	1	0	0	0	0	1	2	0	0	1	3	4	0	0	4	1	0	0	0	0	0	0	0	0	6	0	0	0	0	1	1	0	0	0	1	0	0	0	0	0	0	0	1	4	0	6	0	0	0	0	0	0	0	0	1	1	1	1	0	1	0	7	1	0	2	0	0	0	0	0	0	0	0	0	0	1	0	0	0	0	0	0	0	0	0	0	1	0	1	0	0	2	0	0	1	0	1	0	0	0	3	0	1	1	0	1	3	0	0	0	0	1	3	2	2	0	2	0	0	0	0	0	1	0	0	0	0	0	0	0	0	1	0	0	0	0	0	0	0	0	0	0	0	0	0	0	0	0	0	0	0	0	0	0	1	0	1	5	0	0	0	0	0	0	0	0	0	0	0	0	0	0	0	0	0	2	0	0	1	0	0	1	0	0	0	1	1	1	0	0	0	0	0	0	3	0	2	1	0	0	0	0	0	0	1	0	1	0	0	0	1	1	0	0	0	0	0	1	0	1	0	0	2	1	0	0	0	0	1	6	0	1	0	0	0	0	1	0	0	1	0	1	3	0	0	2	0	0	0	0	0	0	1	0	0	0	0	0	1	0	0	0	1	0	0	0	0	1	0	0	2	0	0	0	0	0	0	1	0	0	2	0	0	1	1	1	0	0	2	0	0	0	1	1	0	0	1	0	0	0	0	0	2	0	1	0	0	2	1	0	0	1	0	0	1	0	0	2	1	0	0	0	1	0	0	0	1	0	0	0	0	2	0	0	0	0	0	0	0	1	1	0	1	0	0	0	0	0	0	0	0	0	0	3	0	1	0	0	0	0	0	0	0	0	0	0	1	0	2	0	0	0	0	1	0	0	0	0	0	0	0	0	0	0	0	2	1	0	0	0	0	0
Copyblogger	0	2	0	0	5	0	0	0	1	4	0	0	5	3	0	0	0	0	1	0	0	0	0	0	0	0	2	0	0	1	0	1	0	1	0	0	0	0	0	0	0	1	0	0	0	0	0	3	0	2	1	11	0	1	1	3	2	1	0	1	1	0	0	0	0	0	0	1	0	0	0	0	0	0	0	0	0	0	0	0	0	0	0	0	0	0	0	1	0	0	0	0	0	0	4	0	0	0	0	0	0	3	0	0	1	0	2	0	0	0	0	0	0	0	3	0	0	13	2	0	11	0	0	1	0	0	1	0	0	0	0	0	1	0	2	0	0	0	0	4	0	0	0	0	0	0	0	0	1	0	0	0	7	0	2	0	0	0	4	3	0	1	0	1	1	0	2	0	0	0	0	0	0	0	0	0	1	0	0	1	1	0	0	0	0	0	0	0	1	3	0	0	0	0	0	0	1	1	0	3	0	1	3	0	1	0	0	0	2	0	1	0	0	0	0	0	2	1	0	1	1	1	0	0	0	1	1	0	2	5	0	0	0	1	0	0	0	0	0	0	0	0	0	1	0	1	0	0	0	2	0	6	0	0	0	0	0	0	1	0	0	0	1	0	1	0	0	1	1	0	1	0	0	2	0	0	0	0	0	0	1	0	0	0	5	0	0	4	0	1	0	1	0	0	1	11	0	0	1	0	0	0	9	0	0	2	0	12	0	0	0	0	8	0	0	0	0	0	14	0	4	0	0	1	0	0	0	0	0	0	0	1	4	3	4	0	0	0	1	0	0	0	0	3	1	4	0	3	4	0	0	0	0	0	2	0	1	0	0	0	1	0	1	0	1	0	0	0	1	1	0	0	1	0	1	0	0	2	0	1	0	0	0	0	0	0	1	1	1	2	1	1	0	10	1	0	0	0	0	0	2	0	2	0	0	1	0	0	0	1	3	0	0	0	0	0	1	7	0	0	0	0	0	0	0	0	0	0	0	0	0	2	0	0	0	0	0
Eschaton	0	9	0	0	6	2	0	1	0	2	0	2	4	0	0	1	1	1	1	0	0	0	1	0	3	1	0	1	1	2	0	1	0	0	0	1	3	0	0	0	0	1	0	0	2	1	2	2	0	14	0	1	0	2	0	0	12	1	0	6	11	0	4	0	0	0	2	0	0	10	0	0	2	0	1	1	0	2	1	1	0	1	0	0	0	0	6	8	0	0	2	1	0	1	2	0	0	0	2	0	0	4	8	2	1	0	11	2	1	2	0	0	2	0	9	3	0	0	4	0	7	1	1	1	0	2	0	1	0	2	0	1	2	1	2	0	4	0	1	0	0	1	1	1	1	0	0	1	0	3	0	0	6	1	1	0	0	1	2	5	1	3	1	5	2	0	1	0	0	1	2	0	2	3	1	0	0	0	1	0	7	2	0	0	2	0	0	5	1	0	1	2	0	2	0	0	0	1	0	6	0	2	3	0	1	1	3	4	1	0	5	1	0	0	5	0	1	0	1	1	5	0	0	1	1	1	0	0	3	0	3	0	0	1	0	5	0	0	0	1	0	1	0	1	0	1	2	1	0	0	0	6	4	1	2	2	1	0	2	0	0	1	0	0	0	1	3	3	2	0	2	1	1	4	7	1	0	1	0	0	0	4	0	2	2	0	1	18	0	4	2	2	0	0	2	1	0	1	1	0	0	0	0	1	2	2	2	0	2	2	0	1	0	0	2	0	1	1	4	0	5	2	0	0	0	3	0	1	1	0	2	1	1	1	0	3	0	0	2	1	0	0	0	2	3	0	0	19	0	2	2	5	4	4	0	0	19	2	0	1	8	0	3	2	4	3	0	1	4	1	0	0	0	6	0	2	2	1	0	2	0	0	0	3	0	2	4	0	2	8	1	0	2	0	1	0	0	0	4	0	0	0	0	1	4	2	3	1	0	2	0	0	3	0	1	1	5	0	0	1	0	7	0	0	0	0	0	0	1	0	1	1	0	2	0	0	0
PaulStamatiou.com - Technology, Design and Photography	18	90	6	5	173	3	22	34	11	88	0	52	94	4	21	3	2	40	2	7	3	4	0	2	28	11	14	23	0	82	9	16	12	26	4	25	20	5	28	8	25	7	3	10	58	3	4	7	13	144	63	60	14	39	102	13	173	3	18	115	121	8	3	18	11	2	17	9	9	38	2	15	6	6	18	4	6	6	21	44	44	5	50	5	24	8	56	43	8	24	18	2	3	9	52	5	17	6	37	3	13	132	8	25	53	6	42	26	3	75	6	12	9	14	42	68	12	17	10	12	172	4	5	5	8	8	76	10	22	1	1	24	16	9	21	53	33	7	17	39	40	32	24	18	10	4	5	0	9	30	17	91	94	20	16	11	11	46	65	128	9	267	1	90	11	11	22	6	2	4	5	13	56	3	8	57	45	22	5	11	62	38	4	13	31	0	7	38	38	16	4	3	42	8	20	4	26	21	3	162	6	35	124	0	38	14	45	3	44	21	47	2	83	20	109	8	5	31	42	9	45	26	0	5	17	25	22	0	27	20	116	21	9	31	3	3	17	31	9	22	14	36	36	52	20	23	0	55	8	26	4	91	21	9	18	33	0	66	29	11	22	25	64	7	76	16	0	30	64	4	48	4	18	117	19	5	13	19	13	36	41	47	65	42	9	11	8	150	16	134	26	56	3	12	21	49	4	11	7	30	6	6	3	3	2	18	0	38	22	3	7	0	21	0	28	13	3	25	245	10	127	10	3	9	15	27	13	7	0	18	41	15	42	16	7	19	6	5	17	0	0	27	17	37	24	15	6	88	1	46	2	98	57	51	2	6	154	96	19	37	47	9	1	2	9	20	11	21	32	35	43	22	4	9	6	24	8	38	12	3	4	40	12	0	2	4	14	24	21	79	7	7	7	2	26	14	5	4	13	3	11	6	22	14	27	19	1	2	16	26	64	3	14	37	56	47	139	54	9	24	1	26	12	3	2	20	20	1	23	0	19	9	11	41	28	9	19
Google Blogoscoped	1	3	0	0	7	0	1	2	0	2	0	1	5	0	1	4	0	0	1	2	1	0	0	0	3	0	1	1	0	2	0	1	0	6	0	0	2	0	1	2	0	2	0	0	0	0	0	0	2	6	1	2	0	2	3	1	4	0	2	4	3	0	0	3	1	0	1	1	3	4	0	1	0	0	1	1	0	0	0	0	1	2	4	0	1	2	3	4	0	0	1	0	0	0	2	0	0	0	1	0	0	5	5	0	0	0	1	0	0	4	0	0	0	0	3	5	0	0	2	0	10	0	0	0	2	1	28	0	0	0	1	0	1	0	0	2	1	1	1	1	1	2	1	0	0	0	0	0	2	1	1	3	8	3	0	1	1	0	3	4	0	7	0	4	0	0	1	2	2	0	0	0	3	0	1	4	4	2	0	0	5	0	0	0	1	0	0	5	2	2	0	1	0	0	1	0	2	0	0	8	0	2	1	0	0	0	1	0	4	0	4	1	1	0	5	0	0	0	4	0	1	0	0	1	0	0	1	0	2	1	11	4	1	0	0	0	2	3	1	0	1	0	1	2	0	0	0	2	1	1	1	4	0	0	2	1	0	0	0	0	0	1	1	1	1	0	1	4	6	0	1	0	0	2	2	0	1	1	0	0	0	0	0	0	0	0	0	5	1	7	3	3	0	2	1	2	0	0	0	1	0	0	0	0	0	0	0	2	0	0	2	0	0	0	5	0	0	0	8	0	5	1	0	0	0	3	0	1	0	3	2	0	3	0	0	1	1	0	1	0	0	0	0	2	0	0	0	7	0	1	0	6	4	1	1	1	10	4	0	0	4	0	1	1	5	0	0	0	0	3	4	0	1	0	0	2	0	1	0	1	1	0	0	0	0	0	1	0	0	3	1	0	0	0	1	1	0	0	1	0	1	0	0	0	1	1	0	0	1	3	2	0	2	1	6	0	6	2	0	0	0	0	4	0	0	0	0	0	4	0	1	0	1	2	0	1	0
The Viral Garden	0	17	3	1	38	0	2	5	2	27	0	8	60	2	2	0	1	0	1	5	2	5	9	6	23	0	48	2	6	10	3	5	1	5	3	14	8	16	13	1	13	8	4	5	61	3	0	2	6	21	17	23	4	10	20	16	78	1	5	24	23	6	0	9	4	4	9	1	18	72	14	8	1	5	1	0	6	4	10	2	8	1	0	3	1	3	8	19	2	5	8	0	0	3	9	1	11	6	25	3	6	43	16	21	5	11	13	10	2	57	11	6	5	5	68	4	7	1	13	1	42	28	2	0	13	1	0	1	2	30	3	14	10	5	10	1	2	2	8	9	0	9	1	1	0	2	4	2	2	23	3	40	21	12	2	4	5	8	9	38	6	68	1	19	6	3	17	2	0	3	0	6	23	7	12	30	12	8	3	8	34	4	1	3	6	2	1	19	25	2	1	4	7	1	0	0	8	6	23	61	6	6	47	0	5	4	36	0	20	5	15	2	0	5	37	7	0	11	22	4	10	5	4	3	8	5	4	0	22	10	31	7	9	17	13	2	3	9	3	0	12	16	16	7	10	25	0	18	10	7	2	26	21	10	12	4	2	10	3	3	1	7	26	7	8	10	10	11	19	5	27	5	0	16	17	4	5	12	11	0	12	14	0	24	2	10	5	23	2	62	17	7	1	3	2	10	0	12	4	4	14	2	12	5	0	3	0	43	19	1	6	0	5	0	5	7	0	2	70	6	21	25	2	3	7	20	1	7	2	5	12	10	20	2	15	0	9	10	4	0	0	2	8	11	5	5	1	90	0	15	0	44	19	2	5	10	80	6	11	3	50	4	4	4	38	11	4	3	6	8	0	3	3	14	6	6	1	18	7	6	0	7	3	0	3	3	1	4	2	40	8	6	4	0	10	5	13	3	11	3	2	3	5	4	14	8	0	0	3	5	8	2	10	0	17	8	27	34	123	22	2	32	2	4	135	2	2	2	1	0	6	3	1	1	0	3	0
BuzzMachine	0	0	1	0	0	1	0	0	0	0	2	2	2	0	0	0	0	0	0	0	0	2	0	0	1	0	0	0	0	0	0	1	0	0	1	0	0	0	0	0	0	0	0	0	1	0	0	0	0	1	0	17	0	0	0	1	2	0	3	5	2	0	1	1	0	0	0	2	0	0	11	0	1	1	18	5	0	1	0	0	0	0	0	0	0	0	0	0	0	1	1	0	4	0	0	1	0	0	1	1	0	6	0	0	0	1	0	1	2	3	2	3	0	0	1	0	0	0	4	0	4	0	0	0	0	0	1	0	0	1	0	2	0	0	1	1	1	0	0	0	1	1	0	0	0	1	0	0	0	0	4	2	4	0	0	0	0	0	1	1	0	8	0	4	2	1	0	0	0	0	0	0	0	0	2	0	0	0	0	0	2	0	0	0	0	0	0	0	5	0	0	0	0	0	0	1	0	0	0	0	2	1	4	1	0	1	0	0	2	0	0	0	0	1	2	0	0	1	0	0	0	1	0	0	2	0	1	0	1	0	0	0	0	0	0	0	0	0	0	0	0	0	0	0	1	2	0	2	1	0	0	0	0	0	0	1	3	3	3	0	0	3	1	0	2	0	0	0	0	0	0	0	0	1	5	0	1	0	0	0	0	2	0	0	1	2	0	1	0	3	1	8	1	0	0	0	1	1	0	0	0	0	1	2	1	0	1	16	0	0	0	0	0	0	0	0	0	0	0	0	0	3	0	0	0	1	0	0	0	0	1	3	1	0	1	0	1	0	0	0	0	0	0	1	0	0	0	1	0	3	0	7	0	0	0	0	2	0	0	0	3	0	0	1	1	1	0	1	0	0	0	0	1	0	0	1	0	0	1	3	0	0	0	11	0	1	0	0	0	4	1	2	0	15	0	1	0	0	2	0	0	0	0	0	0	0	0	0	0	0	0	0	0	0	2	0	0	4	3	0	1	0	0	0	1	0	0	0	0	0	4	2	1	0	0	0	0
Schneier on Security	0	0	0	2	0	0	0	0	0	1	0	0	0	0	0	0	0	0	0	0	0	0	0	0	0	0	1	0	0	2	0	0	0	1	1	0	0	0	0	0	0	0	0	0	1	0	0	0	1	2	0	0	0	0	3	1	0	0	1	4	1	0	0	0	0	0	0	0	1	3	0	0	0	0	1	0	0	0	1	0	1	1	0	0	2	0	0	0	1	0	0	0	0	0	0	0	0	0	1	0	0	1	0	0	0	0	4	0	0	0	0	0	2	0	0	0	2	0	0	0	2	0	0	0	0	0	0	0	0	0	0	1	0	1	2	0	0	2	1	0	0	0	1	0	0	0	0	0	0	1	0	0	3	0	0	0	0	0	1	1	0	1	0	0	0	0	0	0	0	0	0	0	0	0	0	1	0	1	0	0	2	0	0	0	0	0	0	1	1	0	0	0	0	0	1	0	0	0	0	0	0	0	1	0	0	0	1	0	0	0	1	0	0	2	4	0	0	0	0	0	0	0	0	0	0	0	0	0	1	0	2	0	0	0	0	1	0	0	0	0	0	2	0	1	0	1	0	0	0	0	0	0	0	0	0	1	0	0	0	0	0	0	0	0	0	0	0	2	3	0	0	0	0	2	0	0	0	0	0	0	0	0	1	0	0	0	0	4	0	0	1	1	0	0	0	1	0	0	0	0	0	0	0	0	0	0	0	2	0	0	0	2	0	0	0	0	0	1	2	0	0	1	0	0	0	1	0	0	0	0	0	0	1	0	0	0	0	0	1	0	6	0	0	1	3	0	0	1	5	0	0	0	0	1	0	0	1	1	0	0	1	0	0	0	0	0	0	0	0	0	4	0	0	0	0	0	0	0	0	0	0	0	1	0	0	0	0	1	0	1	0	0	0	0	0	1	0	0	2	2	0	0	0	1	0	1	0	0	0	0	0	0	0	0	0	0	0	0	1	0	0	0	0	0	0	0	0	0	0	0	0	0	1	1	0	0	1
Wired	0	0	0	0	1	0	0	2	0	3	0	1	3	0	0	0	1	1	0	0	0	0	0	0	1	0	0	0	0	0	0	0	0	0	1	0	1	0	0	1	0	0	0	0	0	1	0	1	0	2	1	2	0	0	0	1	0	0	0	1	3	0	1	0	1	0	0	0	0	3	0	0	0	0	3	0	2	0	0	0	0	2	0	0	1	0	0	1	0	0	0	1	0	0	0	0	0	0	0	0	0	5	0	2	1	0	5	1	0	1	1	0	0	0	0	1	0	0	0	0	4	0	1	0	0	0	6	0	0	0	0	1	0	0	1	0	0	0	0	1	0	0	0	0	0	0	0	0	2	0	1	0	8	0	0	3	0	0	0	1	0	1	0	2	1	0	1	0	0	0	0	0	1	0	0	0	0	0	0	1	2	0	1	0	0	0	0	1	0	1	0	0	0	0	1	0	1	0	0	0	1	2	2	2	2	0	0	0	1	0	2	0	0	0	3	0	1	0	0	0	1	1	0	0	0	0	0	0	0	0	0	1	0	2	0	0	0	0	0	1	0	2	0	1	0	0	2	0	0	1	0	3	1	0	0	0	0	0	1	1	0	1	0	0	0	0	0	2	2	0	1	1	1	0	0	0	2	0	0	2	1	1	0	0	0	0	1	2	0	1	0	2	3	1	0	2	0	1	0	1	0	2	0	0	0	0	0	0	1	0	0	1	4	0	0	0	1	0	4	2	0	0	0	1	1	1	0	0	0	0	0	1	0	0	0	1	0	0	2	2	0	0	0	1	0	0	0	1	3	1	1	3	0	4	0	0	4	2	0	0	0	0	0	2	0	0	0	0	3	0	0	0	0	0	0	1	0	0	0	0	0	2	0	0	0	0	0	0	1	1	2	0	0	0	0	0	1	0	3	0	1	1	0	1	0	0	3	0	0	0	0	0	0	1	1	0	5	3	0	0	0	2	0	0	0	0	1	0	0	0	0	0	0	0	0	2	0
Derek Powazek	0	3	0	3	5	2	1	2	0	9	0	1	7	0	5	0	2	0	0	0	0	0	0	0	2	0	1	0	4	2	0	2	1	0	1	2	2	1	4	0	5	1	0	0	1	3	3	1	2	11	3	3	1	4	0	4	7	0	1	5	11	1	0	0	0	0	2	0	0	4	0	0	0	1	1	0	0	1	1	0	4	0	0	0	0	0	0	1	3	1	3	0	1	0	8	0	0	0	2	2	1	5	1	1	1	1	5	1	0	15	3	0	0	0	2	7	0	1	3	1	8	0	0	1	1	2	0	0	0	0	0	1	3	0	2	0	2	0	3	1	0	3	1	1	0	0	1	0	1	1	1	3	5	1	0	2	2	4	4	11	0	22	1	10	3	1	4	0	0	0	1	0	7	0	2	1	2	0	2	0	10	0	0	1	1	1	1	2	6	1	4	1	1	2	0	0	1	0	1	9	0	2	5	0	0	0	2	1	11	5	4	0	1	0	7	0	1	1	3	0	2	0	0	2	0	0	0	0	6	2	0	1	0	1	1	0	0	1	2	0	0	1	3	1	0	1	0	12	1	1	0	4	0	1	1	1	7	0	0	0	0	4	5	3	1	4	0	8	2	0	0	2	3	1	5	0	3	0	0	6	7	4	0	2	0	1	0	6	2	7	2	3	0	1	1	0	0	1	0	1	0	0	1	9	0	1	0	3	4	0	0	2	3	1	1	2	1	0	6	0	6	3	0	4	0	2	1	0	0	1	2	0	1	0	1	0	0	0	3	0	0	4	1	0	0	2	0	6	0	5	1	9	3	0	0	3	14	1	1	1	2	0	2	1	3	1	2	0	2	9	0	1	0	1	0	4	0	0	1	0	0	2	1	0	0	3	1	1	2	7	2	1	0	0	3	0	0	1	1	0	1	7	0	0	4	1	0	0	0	0	1	0	0	0	4	0	9	1	2	1	2	4	0	0	0	1	5	0	1	0	5	2	0	1	0	1	2
Matt Cutts: Gadgets, Google, and SEO	0	2	0	0	3	0	1	1	0	1	0	1	0	0	0	0	0	0	1	0	0	0	1	0	0	1	3	0	2	2	0	0	0	6	0	0	0	0	0	0	1	0	0	0	0	1	0	0	0	3	1	0	0	0	0	4	0	0	0	0	0	0	0	0	0	0	0	0	0	2	0	0	0	1	1	0	0	1	0	0	1	0	0	0	0	0	0	0	0	1	0	0	0	0	0	0	0	1	1	0	1	2	1	0	1	0	3	0	0	1	0	0	1	0	4	3	0	4	0	0	2	0	0	0	0	0	7	0	1	0	0	0	0	0	1	1	0	1	0	2	0	1	0	0	1	0	1	0	0	0	0	0	0	0	0	0	1	1	0	0	2	6	0	2	0	0	0	0	0	0	0	1	0	0	1	0	0	0	0	0	0	2	0	1	0	0	0	0	1	1	0	0	0	0	0	0	0	0	0	1	1	1	0	0	0	1	0	0	4	0	0	0	0	1	0	0	0	0	1	0	0	0	0	0	1	0	0	1	1	0	1	0	1	1	0	0	0	0	0	0	0	1	0	1	0	1	0	0	1	1	1	1	0	0	0	1	0	1	0	0	2	0	1	1	0	0	0	2	1	0	1	0	2	0	3	0	0	0	2	0	3	1	0	0	0	0	1	1	1	1	3	0	0	2	0	1	0	0	0	0	0	0	0	0	0	0	1	0	3	0	0	0	0	0	0	1	0	0	5	0	3	0	1	1	1	0	0	0	0	1	0	0	2	0	1	0	0	0	2	0	0	0	0	0	0	0	0	2	0	2	0	1	0	0	0	2	3	1	0	0	2	0	1	0	1	0	0	1	0	0	0	0	1	1	0	1	0	0	1	0	0	1	0	0	0	0	0	0	0	1	0	0	0	0	1	1	0	0	0	0	0	2	1	2	2	0	0	0	0	0	0	0	0	0	0	0	3	0	1	0	0	0	0	1	1	1	0	0	3	0	2	0	0	0	0	0	0
Lifehack	0	0	0	0	3	0	0	0	0	4	0	1	24	0	2	0	0	0	0	0	0	0	0	2	2	0	0	0	0	0	0	0	0	0	0	0	0	0	0	0	0	0	0	0	0	0	0	0	0	1	4	22	3	3	2	2	10	0	0	3	4	0	0	0	0	0	0	0	0	2	0	0	1	0	1	0	0	0	2	0	0	0	0	0	0	0	0	2	0	0	1	0	0	2	1	0	0	2	1	0	0	2	2	2	1	0	2	0	2	4	0	0	0	1	9	1	0	0	0	0	11	0	0	0	1	0	0	0	0	0	1	1	3	0	0	0	0	0	2	0	0	0	0	0	0	0	0	0	0	0	0	0	0	0	0	0	0	0	0	4	0	5	0	3	0	0	1	0	0	0	0	0	1	0	0	0	0	0	0	0	0	0	0	0	1	0	1	0	0	0	0	0	0	0	0	0	2	0	0	4	0	0	4	0	2	0	2	0	2	0	0	0	0	1	1	0	0	0	0	0	1	0	0	1	0	0	0	0	0	0	1	6	0	3	0	0	1	0	0	0	0	0	0	0	0	0	0	3	0	0	0	1	0	0	0	0	2	2	0	0	0	3	1	0	1	1	1	2	0	0	1	1	1	2	0	1	1	2	6	0	0	0	0	0	0	0	0	0	3	0	1	4	0	0	0	0	0	0	0	1	0	0	0	0	0	0	0	20	0	0	0	0	0	0	0	1	0	0	16	1	5	0	0	0	0	2	0	2	0	0	0	2	4	1	0	5	4	0	0	0	0	1	0	0	0	0	0	2	0	0	1	3	0	0	0	0	3	0	1	1	2	0	1	0	1	2	0	0	0	0	0	0	0	1	0	1	0	2	0	0	0	0	0	0	1	0	0	0	0	1	0	0	0	20	0	0	0	3	0	0	0	0	0	0	2	0	0	0	0	0	3	0	0	0	0	0	0	0	0	0	0	1	0	0	0	0	4	0	0	0	1	0	0	1	0	1	2
Signal v. Noise - Medium	2	18	4	3	57	0	1	32	5	33	0	2	40	3	5	5	0	0	2	4	3	3	6	9	12	0	3	0	6	11	1	9	2	1	3	2	4	6	7	3	7	3	2	3	3	1	2	0	8	30	31	10	0	10	2	8	31	4	1	21	26	3	0	0	6	3	8	2	6	25	0	1	1	3	0	0	2	2	6	2	0	2	6	5	2	7	5	14	15	4	22	14	0	2	22	0	3	5	5	5	2	33	19	11	5	3	19	6	0	10	0	1	10	2	42	34	3	0	2	3	30	4	1	5	10	0	2	0	4	9	1	11	4	3	8	5	8	1	3	7	0	8	3	6	6	2	3	0	3	5	3	19	43	5	9	13	6	6	15	23	3	10	0	18	10	2	8	3	2	0	0	9	6	4	0	4	1	2	1	1	31	11	3	2	29	0	3	9	15	8	1	2	2	2	1	7	3	3	1	42	0	10	6	0	1	8	10	0	16	4	19	4	15	2	22	0	1	5	31	2	9	1	3	1	1	4	0	2	19	4	12	2	0	15	45	0	4	7	1	2	0	6	8	8	0	5	0	7	6	5	5	22	16	5	1	8	20	6	2	3	7	12	8	2	4	7	5	17	12	1	8	0	1	10	50	0	3	4	4	6	2	5	11	5	3	6	4	29	0	28	22	20	1	0	4	1	6	5	5	4	0	0	7	16	0	1	0	1	8	2	5	2	12	7	0	4	1	4	41	1	27	0	4	7	4	8	2	2	0	8	15	9	12	0	0	1	7	5	3	0	1	6	8	3	1	14	2	47	0	20	0	44	13	6	4	3	34	11	7	3	16	3	6	2	18	4	7	5	7	3	1	5	0	11	0	4	3	17	6	9	2	7	0	0	3	3	2	2	2	34	2	7	5	0	6	6	2	3	3	2	0	6	18	3	7	7	0	0	2	1	13	2	1	5	20	3	27	5	9	12	4	9	14	4	0	1	4	0	2	0	5	1	3	1	1	6	0
Oilman	0	3	0	0	2	0	0	0	0	1	0	1	3	0	0	0	0	0	0	0	2	0	0	0	1	0	2	0	2	1	0	0	0	0	0	1	0	1	1	0	0	1	2	2	4	0	0	0	1	2	1	0	0	0	1	0	2	0	0	4	3	0	0	0	2	0	0	0	0	1	0	0	0	0	1	1	0	0	0	0	0	0	0	0	0	0	1	1	1	2	0	0	0	2	0	1	0	0	0	0	1	0	0	3	1	0	1	0	0	4	0	0	1	0	4	3	1	0	0	0	0	0	0	0	0	0	1	0	0	0	0	0	1	0	5	0	1	0	0	1	0	0	0	0	0	0	0	0	2	0	1	2	3	0	2	0	1	0	1	1	1	6	0	2	0	0	0	2	0	0	0	1	0	0	0	1	1	0	0	0	1	0	0	0	0	0	0	0	0	0	0	1	0	0	1	0	1	1	0	2	0	3	0	0	0	0	1	0	2	0	2	0	0	0	0	0	0	0	2	0	0	0	0	0	0	0	0	1	2	0	2	0	1	1	0	0	0	0	0	0	0	0	0	1	0	2	0	1	0	1	0	1	1	0	0	0	0	0	0	0	1	0	1	0	0	2	0	2	1	0	1	2	1	1	0	0	1	0	0	0	1	0	0	1	1	0	1	2	0	4	0	1	0	0	2	0	0	0	0	0	0	0	0	0	0	0	0	1	1	1	0	0	1	0	0	2	0	1	0	0	1	0	0	0	0	1	1	0	0	0	3	0	0	0	0	0	1	0	0	0	0	0	0	1	0	1	0	1	0	1	0	4	0	0	0	0	2	3	0	0	0	0	1	0	0	0	0	0	1	0	0	0	3	1	0	0	0	0	0	0	0	1	0	0	0	0	0	0	1	0	2	0	0	0	1	1	3	0	0	0	1	0	0	0	0	0	0	0	0	0	2	0	0	0	0	1	3	1	0	0	0	2	0	0	0	0	1	0	0	0	1	0	0	0	0	0	1
Seth Godin's Blog on marketing, tribes and respect	0	0	0	0	4	0	0	0	0	1	0	0	4	0	0	0	0	0	0	0	0	0	0	0	1	0	0	0	0	1	0	0	0	0	0	0	2	0	1	0	0	0	0	0	0	0	0	0	0	0	2	2	0	1	0	1	0	1	0	1	2	0	0	0	1	0	1	1	0	1	0	0	0	0	0	0	0	0	0	0	0	0	0	0	0	0	1	0	0	0	0	0	0	1	1	0	0	0	0	0	0	1	3	0	0	0	1	2	0	0	1	0	0	0	2	0	2	2	0	0	2	1	0	0	2	0	0	0	0	1	1	0	0	0	0	0	0	0	0	0	0	0	0	0	0	0	0	0	0	0	1	0	0	0	1	0	0	0	1	1	0	1	0	0	0	0	2	0	0	0	0	0	0	0	1	0	0	0	0	0	0	0	0	0	0	0	0	0	0	0	0	0	0	0	0	0	0	0	0	2	2	0	3	0	3	0	0	0	1	0	4	0	0	2	1	0	0	0	0	0	3	0	0	0	0	0	0	0	1	0	0	0	0	0	1	0	0	0	0	0	0	0	0	0	0	0	0	0	0	0	0	2	0	0	0	0	0	1	1	0	0	0	1	0	0	0	0	0	0	0	1	0	0	2	0	0	0	0	1	2	1	0	0	0	1	0	0	2	2	0	0	1	0	0	0	0	0	0	0	1	10	0	2	0	0	0	0	0	0	0	0	0	0	0	0	0	0	0	4	0	0	0	0	0	0	0	2	0	0	0	0	0	0	0	0	0	0	0	1	0	0	0	0	0	0	0	1	5	0	0	0	3	0	0	1	0	1	1	0	0	0	0	0	0	0	0	0	0	0	3	0	1	0	0	0	1	0	0	0	0	0	0	0	0	0	0	0	0	0	2	1	0	0	0	1	1	0	1	2	0	0	0	0	0	0	0	0	0	1	0	1	1	0	0	0	0	4	1	0	0	0	1	0	0	0	0	0	0	0	0	0	0	0	0	0	0	0
WIL WHEATON dot NET	0	15	0	1	19	1	0	9	9	14	0	2	10	0	10	1	0	0	0	0	4	0	2	3	2	2	1	3	4	5	0	4	0	0	1	1	8	1	4	0	3	2	0	4	5	0	3	3	0	16	10	12	1	7	1	5	19	4	4	13	19	1	0	0	3	0	0	0	4	6	0	2	2	0	0	0	12	2	0	0	5	12	0	0	0	0	6	13	7	0	7	0	2	1	6	1	5	2	4	1	2	12	20	6	2	0	5	10	0	36	1	0	0	0	7	10	0	1	10	5	16	0	1	1	11	2	0	0	3	0	1	4	8	2	8	2	5	0	2	6	0	0	0	4	1	1	1	0	5	3	5	11	3	1	0	0	2	4	19	23	1	55	0	6	2	0	14	0	0	2	2	1	7	2	5	2	0	0	1	0	22	1	1	3	12	0	3	7	9	1	0	6	1	1	4	0	3	5	0	20	1	3	6	0	1	4	9	0	18	1	4	1	0	2	10	0	1	3	6	0	10	2	2	1	1	2	3	0	11	2	11	1	2	11	0	0	3	2	2	0	0	4	1	2	0	5	0	26	2	2	1	15	6	1	3	1	0	2	3	0	0	1	7	2	4	4	2	16	2	2	7	5	1	4	9	0	4	3	1	7	2	10	0	3	3	1	0	16	0	32	1	4	0	1	5	6	1	2	4	6	2	2	0	6	1	0	0	1	0	3	1	2	6	1	0	1	1	4	9	3	12	7	1	0	0	11	1	0	2	1	3	1	10	1	0	0	2	0	4	0	0	3	3	5	0	8	0	14	0	4	2	13	8	6	0	4	34	7	4	4	14	4	7	1	19	3	2	3	5	3	1	4	1	9	0	3	0	6	1	2	1	1	2	0	3	2	1	0	2	20	1	0	0	0	2	6	0	6	3	4	2	8	2	0	6	7	0	0	0	2	5	0	3	0	8	5	38	21	0	0	1	5	0	1	0	0	7	3	0	0	7	2	1	0	1	3	3
Boing Boing	2	7	2	1	17	4	3	0	0	10	1	12	19	1	2	0	1	0	2	0	2	3	3	5	8	1	1	2	2	8	3	4	5	1	1	1	7	2	2	2	6	0	2	2	1	1	3	0	7	7	7	5	0	4	2	8	23	4	2	27	15	4	13	3	2	3	1	1	1	11	0	1	1	3	6	5	0	3	6	0	3	2	0	0	4	2	6	8	4	5	27	2	1	1	3	1	1	0	4	14	2	22	16	1	3	1	11	9	1	15	2	1	0	2	4	6	0	0	10	1	16	1	1	8	0	1	22	2	0	0	0	5	3	1	1	1	4	0	2	6	0	1	2	3	1	1	0	1	1	9	4	24	13	8	3	2	0	15	14	14	2	8	15	9	3	1	3	2	2	0	4	2	5	1	1	5	0	4	1	2	14	4	2	1	7	1	7	8	10	0	0	1	0	1	5	2	1	2	0	12	0	2	6	0	3	3	16	0	4	1	5	3	0	5	10	2	1	5	3	0	6	0	1	2	7	3	0	2	5	1	18	0	3	6	5	3	1	3	0	2	0	3	3	4	0	6	3	2	0	5	2	16	3	2	2	7	10	2	3	0	2	2	0	1	6	3	0	9	13	0	6	2	0	4	40	2	3	4	4	13	3	5	3	6	4	2	2	19	3	12	5	27	0	1	3	15	3	3	0	3	5	0	3	18	2	4	3	5	2	2	1	0	5	2	2	2	4	5	20	1	14	1	2	3	0	5	3	0	2	5	2	5	7	1	0	0	3	1	6	3	2	5	0	0	4	1	1	21	2	8	2	16	9	1	4	4	30	6	3	5	11	2	3	0	6	1	1	2	2	7	7	1	3	10	1	0	4	2	2	1	0	6	0	2	9	4	1	4	3	8	1	1	1	1	1	9	4	3	10	2	3	0	1	0	2	6	2	3	2	4	4	0	0	1	6	4	12	3	3	3	1	1	0	2	3	3	4	0	0	4	6	2	1	4	1	0	4
Scobleizer	0	6	0	1	8	0	0	0	0	4	0	2	4	0	0	0	0	0	0	0	0	0	1	0	0	0	5	0	0	2	0	0	0	1	0	3	0	0	0	0	1	0	0	0	3	1	0	0	1	2	0	3	0	3	0	2	4	0	0	4	1	0	0	1	0	0	0	0	0	0	5	0	0	0	1	0	0	0	0	1	14	0	1	1	0	0	0	2	0	5	0	0	0	0	4	2	1	0	1	0	0	0	5	7	1	2	4	3	0	6	0	0	2	0	2	0	0	0	0	0	3	2	0	0	0	0	14	0	1	4	0	1	0	1	1	1	0	0	3	3	1	0	0	0	0	2	0	0	0	2	1	0	8	0	0	0	0	1	2	0	0	6	0	5	0	0	2	0	0	1	1	0	3	0	2	2	0	0	0	0	0	0	0	1	0	0	0	2	11	0	14	0	0	0	1	0	0	0	0	3	0	4	7	0	1	0	0	0	7	0	2	0	0	0	4	1	0	0	1	0	0	0	1	0	0	0	1	0	1	0	0	0	1	1	1	0	0	1	0	0	0	1	0	2	0	1	0	7	0	0	2	0	0	0	1	0	0	3	1	0	0	0	0	1	1	0	1	3	5	0	2	0	0	0	0	0	4	0	1	0	2	1	1	0	0	2	0	0	0	0	0	7	4	0	0	0	0	1	0	0	0	0	1	0	0	0	0	1	3	0	0	0	1	1	0	0	0	0	0	2	1	1	1	0	0	4	0	0	0	3	2	0	2	0	1	0	0	0	6	0	0	0	1	0	1	1	0	0	1	3	0	5	4	1	0	0	1	3	2	3	0	0	1	3	2	0	0	0	0	1	0	1	0	0	5	0	0	3	0	0	0	0	0	0	0	0	0	0	0	1	0	0	1	0	1	0	0	0	4	0	2	0	0	0	1	0	0	0	1	0	2	2	0	0	2	0	4	0	3	4	0	0	0	0	3	0	0	0	0	0	4	0	4	0	0	0	2
Mashable	1	3	1	1	13	0	2	0	1	7	2	4	13	1	1	0	2	0	2	0	2	1	1	0	5	2	1	0	1	29	2	1	0	0	0	2	4	0	1	0	4	0	0	0	12	1	0	2	1	14	4	0	2	1	3	1	18	0	1	13	8	0	4	2	1	3	0	0	1	10	6	4	4	1	4	1	5	1	1	2	0	10	2	0	2	3	3	5	1	5	11	2	5	3	4	2	2	0	7	3	2	21	12	3	4	0	13	3	1	1	0	0	0	1	7	10	0	4	4	0	14	0	7	2	1	0	4	2	2	3	2	1	1	3	5	1	0	1	1	4	1	2	3	2	8	0	2	3	2	2	0	4	17	2	4	0	0	7	4	11	1	5	6	6	1	0	3	0	1	5	2	1	2	2	8	1	0	0	0	2	13	0	0	3	5	0	0	5	9	6	0	3	0	0	3	2	3	1	1	17	0	4	11	5	0	1	4	3	4	2	4	1	1	3	6	2	3	2	27	2	2	2	2	2	0	1	1	3	7	1	1	5	0	3	8	1	0	2	1	0	1	1	0	1	2	3	5	2	1	5	0	4	1	3	3	4	3	3	1	5	2	6	2	1	5	3	1	5	5	2	2	1	0	2	9	0	3	4	2	0	6	3	0	1	0	6	0	8	1	13	4	6	6	1	2	33	1	3	0	1	0	1	1	5	3	2	1	5	3	1	1	7	3	1	0	0	2	2	18	3	2	0	0	3	0	4	2	0	1	3	4	2	11	1	0	4	0	0	14	1	4	1	1	2	2	1	0	9	0	2	1	12	3	3	0	2	14	2	2	3	5	0	0	1	4	3	1	1	1	6	2	1	0	2	0	1	0	4	1	3	2	1	2	20	1	1	0	4	2	5	0	0	0	1	2	1	0	2	4	0	4	7	2	1	3	3	2	4	1	0	2	0	5	0	6	3	11	5	5	16	1	3	0	0	4	0	3	0	5	1	6	0	1	2	1	0	0
ShoeMoney	0	2	0	2	5	0	0	0	0	5	0	0	12	0	0	0	0	3	1	0	0	0	0	0	4	2	1	1	0	1	1	1	1	0	2	3	0	2	2	3	2	1	2	0	0	5	0	1	0	7	1	1	0	1	4	2	10	0	0	1	7	0	0	0	2	4	0	0	0	4	9	2	0	3	0	0	0	0	0	0	1	1	2	0	0	0	1	2	1	2	3	0	0	0	0	0	3	1	3	3	0	4	2	7	1	0	4	1	2	1	0	0	0	0	5	7	0	5	3	0	14	0	0	0	2	2	1	0	0	0	2	1	1	0	0	1	0	0	1	2	0	0	0	0	0	2	0	0	1	0	0	0	1	0	2	0	0	0	2	2	0	4	1	3	0	0	0	0	0	0	0	3	0	0	0	0	3	1	0	4	6	0	0	3	1	0	0	2	12	0	0	1	0	1	0	0	1	0	2	11	0	1	2	3	0	5	2	0	1	1	3	0	2	0	3	1	7	1	1	0	2	3	1	1	0	0	1	0	2	0	5	1	1	1	0	0	2	2	1	0	1	7	2	2	1	1	0	1	0	0	1	4	0	2	1	4	0	0	2	0	0	1	0	1	1	0	6	4	1	0	5	1	1	1	8	0	1	1	0	0	0	1	1	0	0	2	0	4	2	10	1	4	0	1	3	1	0	1	0	0	0	2	9	0	0	0	0	0	1	0	1	0	0	2	0	0	0	1	25	1	10	0	1	0	0	1	1	0	0	0	2	0	8	1	0	1	0	0	5	0	0	0	0	4	2	0	3	8	1	2	0	4	0	0	0	1	19	0	1	2	2	1	4	3	1	4	0	3	1	0	0	0	0	1	0	3	0	2	0	0	0	0	0	0	0	0	2	0	1	9	9	0	0	0	1	1	2	1	0	0	0	1	0	0	3	2	0	2	0	1	3	0	0	2	3	0	4	6	2	0	0	4	0	0	3	0	0	0	2	0	2	2	0	0	1	1	0
Joi Ito's Web	0	1	0	3	3	0	0	2	0	2	0	0	0	0	0	3	0	0	0	0	0	0	0	0	0	0	0	0	0	1	2	0	2	0	0	0	0	0	0	2	2	0	0	0	0	0	1	0	2	0	0	4	0	0	0	2	2	0	0	1	0	0	0	0	0	0	0	0	1	0	4	0	0	0	0	0	0	1	1	0	1	0	0	0	0	0	0	0	0	0	2	4	0	0	0	0	0	0	0	1	1	0	0	0	0	0	1	1	0	1	0	0	0	1	1	0	0	1	0	1	0	0	0	0	0	0	0	0	0	0	0	0	0	0	0	0	1	0	0	0	0	0	0	0	0	0	0	0	0	0	0	2	4	0	0	0	0	1	0	2	3	9	0	0	0	0	0	0	0	0	0	0	1	1	0	0	0	0	0	0	0	0	0	0	1	0	0	0	0	0	0	0	0	0	0	0	0	0	0	2	1	0	0	0	0	0	2	0	0	0	0	0	0	0	1	0	1	0	1	0	0	0	0	0	1	0	0	0	2	0	0	0	0	0	0	0	0	0	4	0	0	0	0	1	0	3	0	2	0	0	2	0	1	0	0	1	4	0	0	0	0	0	1	0	2	0	0	2	0	0	0	0	0	1	0	0	0	0	0	9	2	0	1	1	0	0	0	0	0	2	3	2	0	0	0	1	0	0	0	0	0	0	0	3	0	1	0	0	2	0	0	0	0	0	0	0	0	0	0	0	0	0	0	0	0	0	0	0	0	1	0	0	0	0	1	1	0	0	0	0	0	0	0	0	0	0	0	1	0	3	0	2	2	0	0	1	0	0	0	0	0	1	0	0	1	0	0	0	0	0	0	0	0	0	0	0	0	0	0	0	0	0	1	0	0	0	0	0	0	2	0	0	0	0	1	1	0	0	0	0	0	0	0	0	0	0	0	0	1	0	0	1	0	0	0	3	0	0	5	0	0	0	0	0	1	0	0	0	0	0	3	0	0	0	0	1	0
mezzoblue	0	1	0	0	1	0	1	1	0	2	0	0	2	0	0	1	0	0	0	0	0	0	1	0	1	0	0	0	0	1	0	0	0	0	0	1	0	0	0	0	0	0	0	0	0	0	0	0	0	1	0	1	0	0	1	0	1	0	0	0	0	0	0	0	0	0	0	0	0	0	0	0	0	0	1	0	0	0	1	0	0	0	0	0	0	0	1	0	0	0	0	0	0	0	0	0	2	0	1	0	1	1	0	0	0	0	1	1	0	2	0	0	0	0	0	1	0	0	0	0	1	0	3	0	1	0	0	0	3	0	0	1	0	0	0	1	0	0	2	0	1	0	0	1	0	0	0	0	0	0	0	0	3	0	1	0	0	0	1	2	1	3	0	1	0	1	0	3	0	0	0	0	0	0	0	0	2	0	0	0	1	1	0	0	0	0	0	1	1	0	1	0	0	0	1	0	0	1	1	2	0	1	1	0	0	0	0	0	6	0	0	0	1	0	0	0	1	0	0	0	0	0	0	0	0	0	0	0	0	0	0	0	0	0	0	0	0	0	0	0	1	2	0	0	0	0	0	1	0	1	0	0	1	0	1	0	0	0	0	0	1	1	1	0	1	0	0	3	1	0	2	0	0	0	0	0	0	0	0	0	0	1	1	1	0	0	1	2	0	1	0	1	0	0	0	0	0	0	0	0	0	0	0	0	0	0	0	0	0	0	2	0	0	0	1	1	0	0	0	0	0	0	0	0	0	1	0	0	0	0	1	0	2	0	0	0	0	0	0	0	0	0	0	0	1	0	0	0	0	4	0	1	0	0	0	0	4	1	2	0	2	0	2	0	0	0	0	0	0	0	0	0	0	1	1	0	1	1	0	0	0	0	0	0	0	0	0	0	1	0	0	0	0	0	0	0	0	1	1	0	1	0	0	0	0	2	0	0	0	0	0	0	0	0	0	0	0	0	0	0	0	0	0	1	0	0	0	0	3	0	3	0	0	1	0	0	0
Google Operating System	4	6	0	0	27	0	0	1	4	7	0	0	0	1	1	3	3	1	2	1	0	1	1	0	3	0	2	0	0	9	1	0	1	0	0	2	0	0	3	3	1	0	0	0	0	0	0	0	2	4	0	5	0	1	7	0	16	0	1	10	5	0	0	7	2	1	1	0	0	3	0	0	2	0	1	1	0	0	4	18	0	2	9	0	4	9	3	4	0	0	0	0	1	1	2	0	1	0	3	0	1	13	1	1	2	0	16	0	1	1	1	1	3	0	2	3	5	1	0	0	23	0	0	2	0	0	108	4	2	0	0	0	2	0	1	0	5	3	0	5	2	4	0	0	1	2	0	0	0	2	3	2	24	3	2	1	0	2	3	15	2	3	2	16	0	1	0	0	0	0	0	0	3	0	0	5	4	2	2	0	3	0	3	0	1	0	0	12	7	4	0	0	10	1	1	0	1	3	0	11	0	0	13	0	1	0	0	0	5	0	3	0	1	1	7	1	1	0	4	1	5	0	0	0	1	0	1	0	4	0	0	1	0	0	0	0	3	1	2	5	7	1	3	2	3	4	0	3	2	1	0	1	0	2	1	0	0	1	1	2	1	1	1	0	5	0	2	2	6	0	1	1	0	10	0	1	2	1	0	0	1	5	3	2	0	0	1	7	1	6	3	2	0	2	1	1	0	0	2	0	11	2	0	0	0	0	0	1	2	1	1	0	0	13	0	0	0	0	20	0	15	0	0	0	0	4	4	0	2	4	2	1	2	5	2	6	1	2	2	0	0	4	3	1	0	0	0	6	2	1	0	4	9	3	9	0	7	2	0	2	3	0	1	0	2	1	0	1	0	0	0	0	53	1	0	1	0	1	0	0	0	0	1	0	0	0	0	0	4	1	0	1	0	0	1	4	1	0	3	1	1	1	1	7	7	5	0	0	0	1	2	2	2	0	7	0	17	3	0	2	1	0	4	0	0	0	2	0	3	0	0	2	0	0	0	0	0
Creating Passionate Users	0	1	0	1	1	1	0	0	0	1	1	1	3	0	2	0	0	0	0	0	0	0	0	0	0	0	3	0	0	0	0	0	0	0	0	0	0	0	0	0	1	0	0	0	2	0	0	0	1	2	1	0	0	2	0	0	2	1	0	0	1	0	0	3	0	0	0	0	1	0	0	0	0	2	0	0	0	0	0	0	0	0	5	0	0	0	0	0	1	1	0	0	1	0	1	0	0	0	1	0	0	3	2	1	0	0	2	0	0	1	1	0	0	0	1	1	0	0	1	0	2	0	0	0	0	1	0	0	0	0	0	0	0	1	1	0	0	0	0	1	1	0	0	0	0	0	0	0	1	1	1	0	1	0	0	0	0	0	0	1	1	3	0	0	0	0	0	0	0	0	1	1	0	0	0	0	1	0	0	1	4	0	0	0	1	0	0	1	1	0	0	0	0	0	0	0	0	0	0	2	0	1	2	0	1	1	2	0	3	0	0	0	2	0	2	0	0	1	2	0	0	0	0	0	0	0	0	0	0	0	2	0	0	2	0	0	0	0	0	0	0	0	0	0	5	0	0	0	0	0	1	3	0	0	0	0	0	1	0	0	0	0	1	0	0	0	0	1	0	0	0	0	0	0	0	0	0	0	0	0	1	0	0	1	1	0	0	2	0	2	0	1	0	0	0	0	0	0	1	0	0	1	0	0	0	0	0	4	0	0	0	0	0	0	0	0	0	0	4	0	0	1	0	1	1	0	0	0	0	0	0	0	1	0	0	0	0	0	0	0	0	0	0	0	2	0	0	0	0	0	0	3	1	0	0	0	3	1	0	0	0	0	0	0	0	0	0	0	0	0	0	0	0	0	1	2	0	0	0	0	0	0	0	0	0	0	0	0	0	2	0	0	0	0	1	0	0	0	1	0	0	0	0	1	0	0	0	0	0	0	0	1	0	0	0	0	0	1	0	0	0	0	0	0	0	2	0	0	1	0	0	0	1	0	0	0	0
kottke.org	2	24	1	2	23	1	2	6	6	28	6	7	19	0	6	1	2	2	0	2	7	3	3	7	14	4	0	1	4	20	0	4	3	1	2	4	5	0	8	0	12	2	2	3	2	0	2	3	7	8	4	8	2	3	1	22	42	2	5	59	19	4	1	1	7	15	1	1	3	19	0	4	7	2	2	2	4	1	1	2	3	7	0	3	2	5	5	13	10	3	34	0	4	1	10	4	1	0	8	8	0	34	17	7	11	5	20	6	2	12	1	0	3	13	16	8	0	0	11	6	28	3	2	5	5	0	0	2	2	0	2	3	4	1	3	1	5	0	1	3	13	9	8	4	3	1	4	2	2	11	7	15	15	4	4	5	5	13	7	18	5	30	8	11	6	3	6	8	4	4	2	2	7	2	5	0	1	6	2	1	16	1	5	0	8	3	2	21	22	3	1	4	1	2	3	5	6	2	3	17	1	10	15	0	1	5	24	13	13	5	11	3	4	5	26	1	1	20	16	2	22	0	0	3	1	3	1	5	10	0	13	9	4	8	1	0	9	2	2	0	6	6	7	4	0	7	4	17	3	4	0	26	7	0	3	12	24	6	1	8	0	14	4	4	7	4	0	14	21	4	19	5	2	9	37	3	4	6	0	11	17	6	34	8	3	3	2	41	2	26	3	17	0	2	3	13	1	2	3	2	256	3	1	19	5	2	4	3	17	2	2	0	6	0	4	4	2	4	12	2	12	1	5	4	3	18	5	2	2	8	8	2	7	0	0	2	3	3	21	3	3	5	0	3	7	3	2	24	0	13	1	33	12	5	1	4	55	12	2	9	16	5	1	3	17	2	2	1	2	13	2	2	0	2	3	1	1	10	2	5	6	6	5	1	5	3	5	9	3	10	0	5	4	3	7	4	2	8	8	0	1	5	2	2	10	1	1	4	3	2	4	1	2	5	3	2	29	6	5	1	3	9	6	1	1	4	3	0	0	0	15	4	0	3	2	4	4
NewsBusters	1	5	0	1	9	4	0	3	1	6	4	1	11	2	0	3	2	0	5	0	0	4	0	1	1	2	0	0	0	7	0	1	3	0	1	0	5	0	6	0	0	0	1	0	1	5	1	0	2	6	1	6	0	0	0	0	23	1	1	16	4	0	4	0	1	0	1	0	1	5	2	0	1	0	19	5	0	0	1	1	0	1	0	1	0	2	2	7	6	2	19	3	2	4	3	4	2	0	2	5	4	22	17	3	2	2	7	0	2	0	0	1	0	7	14	4	0	0	1	0	6	0	1	2	1	1	0	0	0	0	0	3	2	0	2	1	4	0	1	1	2	2	6	1	0	2	0	1	0	0	9	6	11	2	3	1	4	11	0	10	0	2	0	5	4	0	4	0	0	1	2	2	1	1	0	1	1	0	2	0	9	0	0	1	2	0	0	5	1	0	1	0	2	1	0	1	1	1	3	3	0	1	2	0	0	2	10	9	1	4	6	1	0	6	3	0	0	3	2	0	4	0	0	0	3	1	0	2	1	0	1	2	0	3	0	4	1	1	1	0	0	6	3	1	0	2	24	3	9	1	2	1	3	0	0	0	6	1	2	0	0	4	2	1	8	1	2	7	4	0	2	0	1	6	27	0	7	6	1	0	2	3	1	1	0	0	2	20	1	9	6	1	0	2	1	0	3	3	2	2	27	0	0	7	25	0	3	3	4	1	2	10	2	1	0	0	0	2	4	1	3	0	1	3	3	1	0	0	4	2	2	3	1	1	0	1	1	0	0	28	4	0	0	4	4	0	0	12	1	7	1	10	3	3	0	3	11	1	1	1	1	0	0	0	4	1	0	3	0	6	0	1	0	1	0	1	1	2	3	0	5	2	1	49	1	0	2	0	2	6	0	1	2	1	3	3	0	0	1	0	0	0	1	1	0	1	8	0	3	0	0	0	1	1	0	0	9	1	8	2	0	2	0	3	0	0	1	0	0	13	5	1	0	3	0	0	1
Neil Gaiman's Journal	0	37	3	5	62	3	1	22	1	56	29	19	21	1	7	1	2	0	2	8	2	0	19	7	10	3	11	1	9	11	3	6	6	0	15	10	14	0	19	0	2	2	1	6	3	18	6	3	3	21	24	24	0	27	0	24	103	10	6	71	38	2	1	0	4	1	2	4	6	19	5	4	8	0	2	3	0	12	5	2	16	0	1	5	3	8	12	30	8	4	40	10	1	2	21	2	5	4	14	21	2	43	51	4	10	11	20	22	2	63	1	0	2	4	46	12	0	0	15	6	48	8	3	1	27	4	2	4	4	0	4	11	11	2	22	4	5	2	5	11	10	9	9	7	3	1	5	3	15	18	5	42	41	5	2	0	28	12	16	26	0	82	11	28	2	4	20	2	5	8	10	7	28	2	8	3	0	4	10	4	51	1	1	12	50	3	2	35	41	1	1	3	8	4	10	3	8	1	2	63	0	19	56	0	3	7	21	2	31	2	15	4	4	2	56	0	5	17	19	1	12	1	3	4	10	8	2	1	9	1	38	7	5	24	1	12	6	13	4	0	2	12	9	7	0	16	0	65	6	13	1	36	9	9	8	11	11	6	2	4	5	10	13	21	11	23	1	30	11	8	11	1	8	20	55	2	6	9	8	68	21	11	7	8	2	2	8	58	1	60	13	9	1	1	2	23	3	6	1	16	320	0	0	12	0	0	0	7	44	6	4	0	7	2	3	7	9	3	22	1	34	20	0	8	6	22	4	3	1	8	12	10	27	4	1	3	3	2	17	5	0	7	5	8	6	26	0	45	0	23	0	36	17	7	2	9	50	25	8	5	43	10	5	0	32	11	3	7	10	24	1	13	0	15	2	6	0	22	13	8	1	6	6	0	4	5	2	3	13	40	7	2	2	1	3	6	3	10	6	2	5	9	2	1	23	11	3	3	5	5	12	1	4	2	22	19	44	15	4	31	15	9	4	2	3	0	9	2	0	2	22	3	0	3	6	5	3
